Start (s),End (s),Scientific name,Common name,Confidence,File
0.0,2.75,Columba livia,Rock Pigeon,0.0503,rec_d1_02_38_56.wav
0.0,2.75,Ploceus melanocephalus,Black-headed Weaver,0.1377,rec_d1_04_05_51.750000.wav
0.0,2.75,Ploceus melanocephalus,Black-headed Weaver,0.2700,rec_d1_04_06_09.250000.wav
0.0,2.75,Ploceus melanocephalus,Black-headed Weaver,0.0521,rec_d1_04_07_07.250000.wav
0.0,2.75,Ploceus melanocephalus,Black-headed Weaver,0.1356,rec_d1_04_07_31.750000.wav
0.0,2.75,Ploceus melanocephalus,Black-headed Weaver,0.1322,rec_d1_04_07_47.500000.wav
0.0,2.75,Ploceus melanocephalus,Black-headed Weaver,0.2866,rec_d1_04_07_50.500000.wav
0.0,2.75,Corvus corone,Carrion Crow,0.4835,rec_d1_04_07_54.500000.wav
0.0,2.75,Ploceus melanocephalus,Black-headed Weaver,0.3441,rec_d1_04_08_14.750000.wav
0.0,2.75,Corvus corone,Carrion Crow,0.5000,rec_d1_04_08_25.500000.wav
0.0,2.75,Corvus corone,Carrion Crow,0.1876,rec_d1_04_08_31.250000.wav
0.0,2.75,Ploceus melanocephalus,Black-headed Weaver,0.0602,rec_d1_04_08_40.500000.wav
0.0,2.75,Ploceus melanocephalus,Black-headed Weaver,0.1167,rec_d1_04_10_23.250000.wav
0.0,2.75,Ploceus melanocephalus,Black-headed Weaver,0.1010,rec_d1_04_13_01.wav
0.0,2.75,Ploceus melanocephalus,Black-headed Weaver,0.2612,rec_d1_04_13_05.250000.wav
0.0,2.75,Ploceus melanocephalus,Black-headed Weaver,0.1031,rec_d1_04_13_29.wav
0.0,2.75,Ploceus melanocephalus,Black-headed Weaver,0.1045,rec_d1_04_14_59.750000.wav
0.0,2.75,Ploceus melanocephalus,Black-headed Weaver,0.6806,rec_d1_04_18_20.500000.wav
0.0,2.75,Ploceus melanocephalus,Black-headed Weaver,0.1079,rec_d1_04_18_31.500000.wav
0.0,2.75,Corvus corone,Carrion Crow,0.4379,rec_d1_04_22_36.750000.wav
0.0,2.75,Ploceus melanocephalus,Black-headed Weaver,0.0799,rec_d1_04_22_50.750000.wav
0.0,2.75,Ploceus melanocephalus,Black-headed Weaver,0.0744,rec_d1_04_27_59.500000.wav
0.0,2.75,Ploceus melanocephalus,Black-headed Weaver,0.1339,rec_d1_04_28_48.250000.wav
0.0,2.75,Ploceus melanocephalus,Black-headed Weaver,0.3859,rec_d1_04_28_57.250000.wav
0.0,2.75,Ploceus melanocephalus,Black-headed Weaver,0.3925,rec_d1_04_29_13.250000.wav
0.0,2.75,Ploceus melanocephalus,Black-headed Weaver,0.1400,rec_d1_04_29_29.500000.wav
0.0,2.75,Ploceus melanocephalus,Black-headed Weaver,0.1348,rec_d1_04_29_32.750000.wav
0.0,2.75,Ploceus melanocephalus,Black-headed Weaver,0.3166,rec_d1_04_30_37.500000.wav
0.0,2.75,Branta canadensis,Canada Goose,0.5603,rec_d1_04_31_35.500000.wav
0.0,2.75,Branta canadensis,Canada Goose,0.1640,rec_d1_04_31_38.750000.wav
0.0,2.75,Ploceus melanocephalus,Black-headed Weaver,0.2215,rec_d1_04_34_41.500000.wav
0.0,2.75,Ploceus melanocephalus,Black-headed Weaver,0.0754,rec_d1_04_34_44.500000.wav
0.0,2.75,Ploceus melanocephalus,Black-headed Weaver,0.1350,rec_d1_04_34_59.750000.wav
0.0,2.75,Ploceus melanocephalus,Black-headed Weaver,0.0725,rec_d1_04_42_14.750000.wav
0.0,2.75,Branta canadensis,Canada Goose,0.2379,rec_d1_04_50_44.wav
0.0,2.75,Branta canadensis,Canada Goose,0.8943,rec_d1_04_50_46.750000.wav
0.0,2.75,Branta canadensis,Canada Goose,0.8531,rec_d1_04_50_50.500000.wav
0.0,2.75,Ploceus melanocephalus,Black-headed Weaver,0.2592,rec_d1_05_00_42.250000.wav
0.0,2.75,Ploceus melanocephalus,Black-headed Weaver,0.1771,rec_d1_05_00_48.250000.wav
0.0,2.75,Ploceus melanocephalus,Black-headed Weaver,0.1710,rec_d1_05_00_58.wav
0.0,2.75,Gallinula chloropus,Eurasian Moorhen,0.3052,rec_d1_05_01_36.wav
0.0,2.75,Ploceus melanocephalus,Black-headed Weaver,0.0718,rec_d1_05_02_03.wav
0.0,2.75,Ploceus melanocephalus,Black-headed Weaver,0.0698,rec_d1_05_02_24.500000.wav
0.0,2.75,Ploceus melanocephalus,Black-headed Weaver,0.1515,rec_d1_05_03_14.250000.wav
0.0,2.75,Ploceus melanocephalus,Black-headed Weaver,0.0525,rec_d1_05_03_25.250000.wav
0.0,2.75,Ploceus melanocephalus,Black-headed Weaver,0.0682,rec_d1_05_06_17.500000.wav
0.0,2.75,Ploceus melanocephalus,Black-headed Weaver,0.0688,rec_d1_05_06_58.250000.wav
0.0,2.75,Ploceus melanocephalus,Black-headed Weaver,0.7501,rec_d1_05_07_09.500000.wav
0.0,2.75,Corvus corone,Carrion Crow,0.0889,rec_d1_05_07_44.250000.wav
0.0,2.75,Corvus corone,Carrion Crow,0.2706,rec_d1_05_07_48.750000.wav
0.0,2.75,Corvus corone,Carrion Crow,0.1927,rec_d1_05_07_55.750000.wav
0.0,2.75,Corvus corone,Carrion Crow,0.0641,rec_d1_05_08_56.wav
0.0,2.75,Corvus corone,Carrion Crow,0.0828,rec_d1_05_08_59.500000.wav
0.0,2.75,Ploceus melanocephalus,Black-headed Weaver,0.3076,rec_d1_05_09_28.750000.wav
0.0,2.75,Corvus corone,Carrion Crow,0.1137,rec_d1_05_09_52.500000.wav
0.0,2.75,Corvus corone,Carrion Crow,0.1724,rec_d1_05_10_24.250000.wav
0.0,2.75,Ploceus melanocephalus,Black-headed Weaver,0.0788,rec_d1_05_10_59.750000.wav
0.0,2.75,Ploceus melanocephalus,Black-headed Weaver,0.0804,rec_d1_05_13_23.500000.wav
0.0,2.75,Ploceus melanocephalus,Black-headed Weaver,0.1610,rec_d1_05_14_06.250000.wav
0.0,2.75,Ploceus melanocephalus,Black-headed Weaver,0.3691,rec_d1_05_14_13.500000.wav
0.0,2.75,Ploceus melanocephalus,Black-headed Weaver,0.0637,rec_d1_05_14_18.500000.wav
0.0,2.75,Ploceus melanocephalus,Black-headed Weaver,0.0695,rec_d1_05_14_26.750000.wav
0.0,2.75,Ploceus melanocephalus,Black-headed Weaver,0.1217,rec_d1_05_14_29.500000.wav
0.0,2.75,Ploceus melanocephalus,Black-headed Weaver,0.0515,rec_d1_05_14_34.500000.wav
0.0,2.75,Ploceus melanocephalus,Black-headed Weaver,0.2784,rec_d1_05_14_37.500000.wav
0.0,2.75,Ploceus melanocephalus,Black-headed Weaver,0.1261,rec_d1_05_14_55.wav
0.0,2.75,Ploceus melanocephalus,Black-headed Weaver,0.2109,rec_d1_05_14_58.wav
0.0,2.75,Ploceus melanocephalus,Black-headed Weaver,0.2289,rec_d1_05_23_54.250000.wav
0.0,2.75,Ploceus melanocephalus,Black-headed Weaver,0.0823,rec_d1_05_24_32.500000.wav
0.0,2.75,Ploceus melanocephalus,Black-headed Weaver,0.2408,rec_d1_05_24_37.250000.wav
0.0,2.75,Ploceus melanocephalus,Black-headed Weaver,0.0574,rec_d1_05_37_33.500000.wav
0.0,2.75,Ploceus melanocephalus,Black-headed Weaver,0.0662,rec_d1_05_42_04.500000.wav
0.0,2.75,Ploceus melanocephalus,Black-headed Weaver,0.0591,rec_d1_05_42_28.wav
0.0,2.75,Ploceus melanocephalus,Black-headed Weaver,0.0793,rec_d1_05_42_32.250000.wav
0.0,2.75,Ploceus melanocephalus,Black-headed Weaver,0.2441,rec_d1_05_42_45.500000.wav
0.0,2.75,Ploceus melanocephalus,Black-headed Weaver,0.2464,rec_d1_05_43_07.wav
0.0,2.75,Ploceus melanocephalus,Black-headed Weaver,0.0602,rec_d1_05_43_14.500000.wav
0.0,2.75,Ploceus melanocephalus,Black-headed Weaver,0.0740,rec_d1_05_43_36.250000.wav
0.0,2.75,Ploceus melanocephalus,Black-headed Weaver,0.0957,rec_d1_05_44_26.750000.wav
0.0,2.75,Corvus corone,Carrion Crow,0.3035,rec_d1_05_46_12.500000.wav
0.0,2.75,Ploceus melanocephalus,Black-headed Weaver,0.4944,rec_d1_05_47_28.250000.wav
0.0,2.75,Ploceus melanocephalus,Black-headed Weaver,0.1640,rec_d1_05_47_43.750000.wav
0.0,2.75,Ploceus melanocephalus,Black-headed Weaver,0.0915,rec_d1_05_47_50.750000.wav
0.0,2.75,Gallinula chloropus,Eurasian Moorhen,0.1980,rec_d1_05_48_53.750000.wav
0.0,2.75,Ploceus melanocephalus,Black-headed Weaver,0.3634,rec_d1_05_49_45.500000.wav
0.0,2.75,Corvus corone,Carrion Crow,0.1977,rec_d1_05_50_25.750000.wav
0.0,2.75,Corvus corone,Carrion Crow,0.0758,rec_d1_05_50_40.wav
0.0,2.75,Ploceus melanocephalus,Black-headed Weaver,0.0726,rec_d1_06_00_19.250000.wav
0.0,2.75,Ploceus melanocephalus,Black-headed Weaver,0.0611,rec_d1_06_00_54.250000.wav
0.0,2.75,Gallinula chloropus,Eurasian Moorhen,0.2882,rec_d1_06_05_50.500000.wav
0.0,2.75,Ploceus melanocephalus,Black-headed Weaver,0.0856,rec_d1_06_06_32.250000.wav
0.0,2.75,Ploceus melanocephalus,Black-headed Weaver,0.4820,rec_d1_06_07_39.500000.wav
0.0,2.75,Ploceus melanocephalus,Black-headed Weaver,0.0710,rec_d1_06_07_43.wav
0.0,2.75,Ploceus melanocephalus,Black-headed Weaver,0.3259,rec_d1_06_12_24.wav
0.0,2.75,Ploceus melanocephalus,Black-headed Weaver,0.2240,rec_d1_06_15_04.wav
0.0,2.75,Ploceus melanocephalus,Black-headed Weaver,0.2045,rec_d1_06_16_14.250000.wav
0.0,2.75,Ploceus melanocephalus,Black-headed Weaver,0.0593,rec_d1_06_16_17.wav
0.0,2.75,Ploceus melanocephalus,Black-headed Weaver,0.4183,rec_d1_06_17_29.250000.wav
0.0,2.75,Ploceus melanocephalus,Black-headed Weaver,0.2662,rec_d1_06_17_59.wav
0.0,2.75,Ploceus melanocephalus,Black-headed Weaver,0.0882,rec_d1_06_18_03.500000.wav
0.0,2.75,Ploceus melanocephalus,Black-headed Weaver,0.0642,rec_d1_06_19_02.750000.wav
0.0,2.75,Ploceus melanocephalus,Black-headed Weaver,0.0965,rec_d1_06_20_24.500000.wav
0.0,2.75,Ploceus melanocephalus,Black-headed Weaver,0.0776,rec_d1_06_21_08.500000.wav
0.0,2.75,Ploceus melanocephalus,Black-headed Weaver,0.0523,rec_d1_06_21_28.500000.wav
0.0,2.75,Ploceus melanocephalus,Black-headed Weaver,0.5158,rec_d1_06_22_20.750000.wav
0.0,2.75,Ploceus melanocephalus,Black-headed Weaver,0.1303,rec_d1_06_22_26.wav
0.0,2.75,Ploceus melanocephalus,Black-headed Weaver,0.1178,rec_d1_06_23_08.wav
0.0,2.75,Columba livia,Rock Pigeon,0.1226,rec_d1_06_24_12.750000.wav
0.0,2.75,Ploceus melanocephalus,Black-headed Weaver,0.0742,rec_d1_06_24_54.500000.wav
0.0,2.75,Ploceus melanocephalus,Black-headed Weaver,0.1271,rec_d1_06_25_11.750000.wav
0.0,2.75,Ploceus melanocephalus,Black-headed Weaver,0.2069,rec_d1_06_25_16.wav
0.0,2.75,Ploceus melanocephalus,Black-headed Weaver,0.0578,rec_d1_06_27_50.750000.wav
0.0,2.75,Ploceus melanocephalus,Black-headed Weaver,0.0520,rec_d1_06_31_21.750000.wav
0.0,2.75,Passer domesticus,House Sparrow,0.0547,rec_d1_06_37_04.wav
0.0,2.75,Ploceus melanocephalus,Black-headed Weaver,0.3258,rec_d1_06_37_27.750000.wav
0.0,2.75,Ploceus melanocephalus,Black-headed Weaver,0.0644,rec_d1_06_48_06.750000.wav
0.0,2.75,Ploceus melanocephalus,Black-headed Weaver,0.0741,rec_d1_06_50_09.750000.wav
0.0,2.75,Ploceus melanocephalus,Black-headed Weaver,0.0612,rec_d1_06_50_40.wav
0.0,2.75,Ploceus melanocephalus,Black-headed Weaver,0.0991,rec_d1_06_51_53.750000.wav
0.0,2.75,Ploceus melanocephalus,Black-headed Weaver,0.2418,rec_d1_06_52_00.500000.wav
0.0,2.75,Ploceus melanocephalus,Black-headed Weaver,0.7224,rec_d1_06_52_03.750000.wav
0.0,2.75,Ploceus melanocephalus,Black-headed Weaver,0.1009,rec_d1_06_52_06.750000.wav
0.0,2.75,Ploceus melanocephalus,Black-headed Weaver,0.0719,rec_d1_06_53_28.wav
0.0,2.75,Ploceus melanocephalus,Black-headed Weaver,0.8976,rec_d1_06_54_10.250000.wav
0.0,2.75,Ploceus melanocephalus,Black-headed Weaver,0.4550,rec_d1_06_54_26.500000.wav
0.0,2.75,Ploceus melanocephalus,Black-headed Weaver,0.1514,rec_d1_06_54_29.500000.wav
0.0,2.75,Ploceus melanocephalus,Black-headed Weaver,0.6347,rec_d1_06_54_38.wav
0.0,2.75,Ploceus melanocephalus,Black-headed Weaver,0.7255,rec_d1_06_54_51.250000.wav
0.0,2.75,Ploceus melanocephalus,Black-headed Weaver,0.5084,rec_d1_06_54_57.wav
0.0,2.75,Ploceus melanocephalus,Black-headed Weaver,0.4233,rec_d1_07_00_01.500000.wav
0.0,2.75,Ploceus melanocephalus,Black-headed Weaver,0.1269,rec_d1_07_02_36.500000.wav
0.0,2.75,Columba livia,Rock Pigeon,0.0507,rec_d1_07_02_58.500000.wav
0.0,2.75,Ploceus melanocephalus,Black-headed Weaver,0.3244,rec_d1_07_04_45.500000.wav
0.0,2.75,Ploceus melanocephalus,Black-headed Weaver,0.1174,rec_d1_07_04_49.wav
0.0,2.75,Ploceus melanocephalus,Black-headed Weaver,0.4058,rec_d1_07_04_52.250000.wav
0.0,2.75,Ploceus melanocephalus,Black-headed Weaver,0.1510,rec_d1_07_05_55.250000.wav
0.0,2.75,Ploceus melanocephalus,Black-headed Weaver,0.0647,rec_d1_07_08_10.500000.wav
0.0,2.75,Ploceus melanocephalus,Black-headed Weaver,0.0970,rec_d1_07_09_12.250000.wav
0.0,2.75,Ploceus melanocephalus,Black-headed Weaver,0.2253,rec_d1_07_09_26.250000.wav
0.0,2.75,Ploceus melanocephalus,Black-headed Weaver,0.4366,rec_d1_07_09_34.250000.wav
0.0,2.75,Ploceus melanocephalus,Black-headed Weaver,0.4011,rec_d1_07_09_38.500000.wav
0.0,2.75,Ploceus melanocephalus,Black-headed Weaver,0.1227,rec_d1_07_09_47.750000.wav
0.0,2.75,Ploceus melanocephalus,Black-headed Weaver,0.5931,rec_d1_07_09_51.500000.wav
0.0,2.75,Ploceus melanocephalus,Black-headed Weaver,0.1269,rec_d1_07_09_56.500000.wav
0.0,2.75,Ploceus melanocephalus,Black-headed Weaver,0.4673,rec_d1_07_10_03.wav
0.0,2.75,Ploceus melanocephalus,Black-headed Weaver,0.3127,rec_d1_07_10_06.750000.wav
0.0,2.75,Ploceus melanocephalus,Black-headed Weaver,0.3653,rec_d1_07_11_09.250000.wav
0.0,2.75,Ploceus melanocephalus,Black-headed Weaver,0.5498,rec_d1_07_11_12.500000.wav
0.0,2.75,Ploceus melanocephalus,Black-headed Weaver,0.9047,rec_d1_07_11_16.wav
0.0,2.75,Ploceus melanocephalus,Black-headed Weaver,0.3185,rec_d1_07_11_18.750000.wav
0.0,2.75,Ploceus melanocephalus,Black-headed Weaver,0.5671,rec_d1_07_11_30.500000.wav
0.0,2.75,Ploceus melanocephalus,Black-headed Weaver,0.7635,rec_d1_07_11_36.250000.wav
0.0,2.75,Corvus corone,Carrion Crow,0.0542,rec_d1_07_27_20.250000.wav
0.0,2.75,Columba livia,Rock Pigeon,0.0513,rec_d1_07_27_20.250000.wav
0.0,2.75,Corvus corone,Carrion Crow,0.1550,rec_d1_07_28_21.750000.wav
0.0,2.75,Ploceus melanocephalus,Black-headed Weaver,0.0912,rec_d1_07_29_11.500000.wav
0.0,2.75,Branta canadensis,Canada Goose,0.0657,rec_d1_07_29_50.750000.wav
0.0,2.75,Columba livia,Rock Pigeon,0.0984,rec_d1_07_31_00.wav
0.0,2.75,Ploceus melanocephalus,Black-headed Weaver,0.0579,rec_d1_07_37_11.500000.wav
0.0,2.75,Ploceus melanocephalus,Black-headed Weaver,0.7843,rec_d1_07_37_27.250000.wav
0.0,2.75,Ploceus melanocephalus,Black-headed Weaver,0.9742,rec_d1_07_37_30.wav
0.0,2.75,Ploceus melanocephalus,Black-headed Weaver,0.1987,rec_d1_07_37_32.750000.wav
0.0,2.75,Ploceus melanocephalus,Black-headed Weaver,0.1726,rec_d1_07_37_38.500000.wav
0.0,2.75,Ploceus melanocephalus,Black-headed Weaver,0.7987,rec_d1_07_37_52.500000.wav
0.0,2.75,Ploceus melanocephalus,Black-headed Weaver,0.0723,rec_d1_07_38_08.500000.wav
0.0,2.75,Ploceus melanocephalus,Black-headed Weaver,0.1108,rec_d1_07_38_29.250000.wav
0.0,2.75,Ploceus melanocephalus,Black-headed Weaver,0.7280,rec_d1_07_39_05.250000.wav
0.0,2.75,Ploceus melanocephalus,Black-headed Weaver,0.1008,rec_d1_07_39_39.250000.wav
0.0,2.75,Ploceus melanocephalus,Black-headed Weaver,0.2994,rec_d1_07_39_42.250000.wav
0.0,2.75,Ploceus melanocephalus,Black-headed Weaver,0.1448,rec_d1_07_41_26.wav
0.0,2.75,Ploceus melanocephalus,Black-headed Weaver,0.4320,rec_d1_07_41_31.500000.wav
0.0,2.75,Ploceus melanocephalus,Black-headed Weaver,0.1208,rec_d1_07_42_08.500000.wav
0.0,2.75,Ploceus melanocephalus,Black-headed Weaver,0.1813,rec_d1_07_43_00.wav
0.0,2.75,Ploceus melanocephalus,Black-headed Weaver,0.1140,rec_d1_07_43_21.500000.wav
0.0,2.75,Ploceus melanocephalus,Black-headed Weaver,0.2357,rec_d1_07_43_28.750000.wav
0.0,2.75,Ploceus melanocephalus,Black-headed Weaver,0.2693,rec_d1_07_43_31.500000.wav
0.0,2.75,Ploceus melanocephalus,Black-headed Weaver,0.1346,rec_d1_07_43_35.250000.wav
0.0,2.75,Ploceus melanocephalus,Black-headed Weaver,0.0505,rec_d1_07_43_38.250000.wav
0.0,2.75,Ploceus melanocephalus,Black-headed Weaver,0.5479,rec_d1_07_43_42.250000.wav
0.0,2.75,Ploceus melanocephalus,Black-headed Weaver,0.1943,rec_d1_07_43_48.250000.wav
0.0,2.75,Ploceus melanocephalus,Black-headed Weaver,0.4991,rec_d1_07_44_15.750000.wav
0.0,2.75,Ploceus melanocephalus,Black-headed Weaver,0.5208,rec_d1_07_44_19.250000.wav
0.0,2.75,Ploceus melanocephalus,Black-headed Weaver,0.1399,rec_d1_07_44_30.750000.wav
0.0,2.75,Ploceus melanocephalus,Black-headed Weaver,0.2274,rec_d1_07_44_59.wav
0.0,2.75,Ploceus melanocephalus,Black-headed Weaver,0.0902,rec_d1_07_45_08.250000.wav
0.0,2.75,Ploceus melanocephalus,Black-headed Weaver,0.2047,rec_d1_07_45_11.250000.wav
0.0,2.75,Ploceus melanocephalus,Black-headed Weaver,0.2342,rec_d1_07_45_15.500000.wav
0.0,2.75,Ploceus melanocephalus,Black-headed Weaver,0.5134,rec_d1_07_45_18.250000.wav
0.0,2.75,Ploceus melanocephalus,Black-headed Weaver,0.3525,rec_d1_07_45_27.750000.wav
0.0,2.75,Ploceus melanocephalus,Black-headed Weaver,0.1406,rec_d1_07_45_42.750000.wav
0.0,2.75,Ploceus melanocephalus,Black-headed Weaver,0.0939,rec_d1_07_46_12.750000.wav
0.0,2.75,Passer domesticus,House Sparrow,0.0855,rec_d1_07_48_28.wav
0.0,2.75,Ploceus melanocephalus,Black-headed Weaver,0.1526,rec_d1_07_51_15.250000.wav
0.0,2.75,Ploceus melanocephalus,Black-headed Weaver,0.1021,rec_d1_07_53_47.750000.wav
0.0,2.75,Ploceus melanocephalus,Black-headed Weaver,0.6555,rec_d1_07_54_36.wav
0.0,2.75,Ploceus melanocephalus,Black-headed Weaver,0.7959,rec_d1_08_02_43.750000.wav
0.0,2.75,Ploceus melanocephalus,Black-headed Weaver,0.5334,rec_d1_08_02_46.750000.wav
0.0,2.75,Ploceus melanocephalus,Black-headed Weaver,0.0659,rec_d1_08_03_07.750000.wav
0.0,2.75,Ploceus melanocephalus,Black-headed Weaver,0.4514,rec_d1_08_03_10.500000.wav
0.0,2.75,Ploceus melanocephalus,Black-headed Weaver,0.6110,rec_d1_08_03_13.500000.wav
0.0,2.75,Ploceus melanocephalus,Black-headed Weaver,0.7964,rec_d1_08_03_22.500000.wav
0.0,2.75,Ploceus melanocephalus,Black-headed Weaver,0.0918,rec_d1_08_03_25.250000.wav
0.0,2.75,Ploceus melanocephalus,Black-headed Weaver,0.1132,rec_d1_08_03_28.wav
0.0,2.75,Ploceus melanocephalus,Black-headed Weaver,0.0676,rec_d1_08_03_34.750000.wav
0.0,2.75,Ploceus melanocephalus,Black-headed Weaver,0.1145,rec_d1_08_03_39.750000.wav
0.0,2.75,Ploceus melanocephalus,Black-headed Weaver,0.0591,rec_d1_08_03_42.750000.wav
0.0,2.75,Ploceus melanocephalus,Black-headed Weaver,0.0859,rec_d1_08_03_45.500000.wav
0.0,2.75,Ploceus melanocephalus,Black-headed Weaver,0.9535,rec_d1_08_03_48.750000.wav
0.0,2.75,Ploceus melanocephalus,Black-headed Weaver,0.2208,rec_d1_08_03_57.wav
0.0,2.75,Ploceus melanocephalus,Black-headed Weaver,0.5302,rec_d1_08_04_00.500000.wav
0.0,2.75,Ploceus melanocephalus,Black-headed Weaver,0.2810,rec_d1_08_04_05.wav
0.0,2.75,Ploceus melanocephalus,Black-headed Weaver,0.1046,rec_d1_08_04_14.250000.wav
0.0,2.75,Ploceus melanocephalus,Black-headed Weaver,0.8751,rec_d1_08_04_17.wav
0.0,2.75,Ploceus melanocephalus,Black-headed Weaver,0.1107,rec_d1_08_04_45.wav
0.0,2.75,Ploceus melanocephalus,Black-headed Weaver,0.4558,rec_d1_08_04_51.500000.wav
0.0,2.75,Ploceus melanocephalus,Black-headed Weaver,0.2177,rec_d1_08_04_54.250000.wav
0.0,2.75,Ploceus melanocephalus,Black-headed Weaver,0.1527,rec_d1_08_04_59.500000.wav
0.0,2.75,Ploceus melanocephalus,Black-headed Weaver,0.6252,rec_d1_08_05_04.500000.wav
0.0,2.75,Ploceus melanocephalus,Black-headed Weaver,0.7783,rec_d1_08_05_24.750000.wav
0.0,2.75,Ploceus melanocephalus,Black-headed Weaver,0.0827,rec_d1_08_05_33.wav
0.0,2.75,Ploceus melanocephalus,Black-headed Weaver,0.6200,rec_d1_08_06_26.500000.wav
0.0,2.75,Ploceus melanocephalus,Black-headed Weaver,0.4123,rec_d1_08_06_37.wav
0.0,2.75,Ploceus melanocephalus,Black-headed Weaver,0.0587,rec_d1_08_06_40.750000.wav
0.0,2.75,Ploceus melanocephalus,Black-headed Weaver,0.0758,rec_d1_08_10_08.250000.wav
0.0,2.75,Ploceus melanocephalus,Black-headed Weaver,0.1257,rec_d1_08_14_23.750000.wav
0.0,2.75,Ploceus melanocephalus,Black-headed Weaver,0.6589,rec_d1_08_14_54.wav
0.0,2.75,Ploceus melanocephalus,Black-headed Weaver,0.6486,rec_d1_08_14_58.500000.wav
0.0,2.75,Ploceus melanocephalus,Black-headed Weaver,0.0775,rec_d1_08_15_09.wav
0.0,2.75,Ploceus melanocephalus,Black-headed Weaver,0.5698,rec_d1_08_15_32.750000.wav
0.0,2.75,Ploceus melanocephalus,Black-headed Weaver,0.0750,rec_d1_08_15_51.750000.wav
0.0,2.75,Ploceus melanocephalus,Black-headed Weaver,0.1125,rec_d1_08_16_00.wav
0.0,2.75,Ploceus melanocephalus,Black-headed Weaver,0.7327,rec_d1_08_16_03.wav
0.0,2.75,Ploceus melanocephalus,Black-headed Weaver,0.0500,rec_d1_08_16_06.wav
0.0,2.75,Ploceus melanocephalus,Black-headed Weaver,0.4680,rec_d1_08_16_13.750000.wav
0.0,2.75,Ploceus melanocephalus,Black-headed Weaver,0.2678,rec_d1_08_16_17.250000.wav
0.0,2.75,Ploceus melanocephalus,Black-headed Weaver,0.1457,rec_d1_08_16_20.wav
0.0,2.75,Ploceus melanocephalus,Black-headed Weaver,0.4602,rec_d1_08_16_28.wav
0.0,2.75,Ploceus melanocephalus,Black-headed Weaver,0.0877,rec_d1_08_16_30.750000.wav
0.0,2.75,Ploceus melanocephalus,Black-headed Weaver,0.8970,rec_d1_08_16_36.250000.wav
0.0,2.75,Ploceus melanocephalus,Black-headed Weaver,0.0924,rec_d1_08_16_39.500000.wav
0.0,2.75,Ploceus melanocephalus,Black-headed Weaver,0.8285,rec_d1_08_17_08.500000.wav
0.0,2.75,Ploceus melanocephalus,Black-headed Weaver,0.9190,rec_d1_08_17_12.wav
0.0,2.75,Ploceus melanocephalus,Black-headed Weaver,0.0671,rec_d1_08_17_54.500000.wav
0.0,2.75,Ploceus melanocephalus,Black-headed Weaver,0.6216,rec_d1_08_17_57.750000.wav
0.0,2.75,Phylloscopus collybita,Common Chiffchaff,0.2673,rec_d1_08_18_00.750000.wav
0.0,2.75,Ploceus melanocephalus,Black-headed Weaver,0.2029,rec_d1_08_18_25.500000.wav
0.0,2.75,Ploceus melanocephalus,Black-headed Weaver,0.6770,rec_d1_08_18_31.wav
0.0,2.75,Ploceus melanocephalus,Black-headed Weaver,0.1337,rec_d1_08_18_36.750000.wav
0.0,2.75,Ploceus melanocephalus,Black-headed Weaver,0.0575,rec_d1_08_18_54.wav
0.0,2.75,Ploceus melanocephalus,Black-headed Weaver,0.4884,rec_d1_08_19_02.wav
0.0,2.75,Ploceus melanocephalus,Black-headed Weaver,0.0693,rec_d1_08_19_26.250000.wav
0.0,2.75,Ploceus melanocephalus,Black-headed Weaver,0.2606,rec_d1_08_19_46.500000.wav
0.0,2.75,Ploceus melanocephalus,Black-headed Weaver,0.0945,rec_d1_08_19_58.500000.wav
0.0,2.75,Ploceus melanocephalus,Black-headed Weaver,0.0832,rec_d1_08_20_10.250000.wav
0.0,2.75,Ploceus melanocephalus,Black-headed Weaver,0.1365,rec_d1_08_20_36.wav
0.0,2.75,Ploceus melanocephalus,Black-headed Weaver,0.1135,rec_d1_08_20_39.500000.wav
0.0,2.75,Ploceus melanocephalus,Black-headed Weaver,0.1661,rec_d1_08_21_05.750000.wav
0.0,2.75,Ploceus melanocephalus,Black-headed Weaver,0.1196,rec_d1_08_21_40.wav
0.0,2.75,Ploceus melanocephalus,Black-headed Weaver,0.0743,rec_d1_08_21_48.500000.wav
0.0,2.75,Ploceus melanocephalus,Black-headed Weaver,0.9024,rec_d1_08_21_53.wav
0.0,2.75,Ploceus melanocephalus,Black-headed Weaver,0.6694,rec_d1_08_21_55.750000.wav
0.0,2.75,Ploceus melanocephalus,Black-headed Weaver,0.0554,rec_d1_08_22_01.500000.wav
0.0,2.75,Ploceus melanocephalus,Black-headed Weaver,0.0660,rec_d1_08_22_10.750000.wav
0.0,2.75,Ploceus melanocephalus,Black-headed Weaver,0.9305,rec_d1_08_22_17.750000.wav
0.0,2.75,Ploceus melanocephalus,Black-headed Weaver,0.0647,rec_d1_08_23_14.500000.wav
0.0,2.75,Ploceus melanocephalus,Black-headed Weaver,0.5103,rec_d1_08_24_08.750000.wav
0.0,2.75,Ploceus melanocephalus,Black-headed Weaver,0.1374,rec_d1_08_24_36.wav
0.0,2.75,Ploceus melanocephalus,Black-headed Weaver,0.1982,rec_d1_08_24_48.750000.wav
0.0,2.75,Ploceus melanocephalus,Black-headed Weaver,0.7978,rec_d1_08_24_52.500000.wav
0.0,2.75,Ploceus melanocephalus,Black-headed Weaver,0.2165,rec_d1_08_25_15.750000.wav
0.0,2.75,Ploceus melanocephalus,Black-headed Weaver,0.1470,rec_d1_08_25_19.250000.wav
0.0,2.75,Ploceus melanocephalus,Black-headed Weaver,0.3011,rec_d1_08_25_46.750000.wav
0.0,2.75,Ploceus melanocephalus,Black-headed Weaver,0.1168,rec_d1_08_26_58.wav
0.0,2.75,Ploceus melanocephalus,Black-headed Weaver,0.1173,rec_d1_08_27_17.250000.wav
0.0,2.75,Ploceus melanocephalus,Black-headed Weaver,0.0626,rec_d1_08_30_30.500000.wav
0.0,2.75,Ploceus melanocephalus,Black-headed Weaver,0.0613,rec_d1_08_36_13.750000.wav
0.0,2.75,Ploceus melanocephalus,Black-headed Weaver,0.2187,rec_d1_08_39_11.750000.wav
0.0,2.75,Ploceus melanocephalus,Black-headed Weaver,0.1523,rec_d1_08_40_20.500000.wav
0.0,2.75,Ploceus melanocephalus,Black-headed Weaver,0.1662,rec_d1_08_40_24.500000.wav
0.0,2.75,Ploceus melanocephalus,Black-headed Weaver,0.0939,rec_d1_08_40_47.500000.wav
0.0,2.75,Ploceus melanocephalus,Black-headed Weaver,0.0548,rec_d1_08_42_14.500000.wav
0.0,2.75,Ploceus melanocephalus,Black-headed Weaver,0.0621,rec_d1_08_43_27.250000.wav
0.0,2.75,Ploceus melanocephalus,Black-headed Weaver,0.1010,rec_d1_08_43_30.750000.wav
0.0,2.75,Ploceus melanocephalus,Black-headed Weaver,0.0628,rec_d1_09_13_22.wav
0.0,2.75,Ploceus melanocephalus,Black-headed Weaver,0.8965,rec_d1_09_13_59.500000.wav
0.0,2.75,Ploceus melanocephalus,Black-headed Weaver,0.3841,rec_d1_09_14_02.250000.wav
0.0,2.75,Ploceus melanocephalus,Black-headed Weaver,0.4503,rec_d1_09_14_22.250000.wav
0.0,2.75,Ploceus melanocephalus,Black-headed Weaver,0.3074,rec_d1_09_14_46.750000.wav
0.0,2.75,Ploceus melanocephalus,Black-headed Weaver,0.2178,rec_d1_09_16_36.250000.wav
0.0,2.75,Ploceus melanocephalus,Black-headed Weaver,0.0702,rec_d1_09_19_48.250000.wav
0.0,2.75,Ploceus melanocephalus,Black-headed Weaver,0.0743,rec_d1_09_24_56.250000.wav
0.0,2.75,Ploceus melanocephalus,Black-headed Weaver,0.2477,rec_d1_09_25_02.wav
0.0,2.75,Ploceus melanocephalus,Black-headed Weaver,0.7156,rec_d1_09_27_10.500000.wav
0.0,2.75,Ploceus melanocephalus,Black-headed Weaver,0.2069,rec_d1_09_27_25.500000.wav
0.0,2.75,Ploceus melanocephalus,Black-headed Weaver,0.5651,rec_d1_09_27_28.250000.wav
0.0,2.75,Ploceus melanocephalus,Black-headed Weaver,0.7385,rec_d1_14_05_08.250000.wav
0.0,2.75,Ploceus melanocephalus,Black-headed Weaver,0.0690,rec_d1_14_20_40.500000.wav
0.0,2.75,Ploceus melanocephalus,Black-headed Weaver,0.1319,rec_d1_14_29_32.wav
0.0,2.75,Gallinula chloropus,Eurasian Moorhen,0.0536,rec_d1_14_38_08.750000.wav
0.0,2.75,Gallinula chloropus,Eurasian Moorhen,0.1204,rec_d1_14_41_47.750000.wav
0.0,2.75,Corvus corone,Carrion Crow,0.4351,rec_d1_15_04_49.500000.wav
0.0,2.75,Columba livia,Rock Pigeon,0.0515,rec_d1_15_11_59.750000.wav
0.0,2.75,Corvus corone,Carrion Crow,0.4884,rec_d1_15_13_16.wav
0.0,2.75,Corvus corone,Carrion Crow,0.0940,rec_d1_15_25_36.250000.wav
0.0,2.75,Ploceus melanocephalus,Black-headed Weaver,0.0829,rec_d1_15_27_02.750000.wav
0.0,2.75,Ploceus melanocephalus,Black-headed Weaver,0.2437,rec_d1_15_27_07.250000.wav
0.0,2.75,Ploceus melanocephalus,Black-headed Weaver,0.9279,rec_d1_15_27_15.wav
0.0,2.75,Ploceus melanocephalus,Black-headed Weaver,0.1853,rec_d1_15_28_13.wav
0.0,2.75,Ploceus melanocephalus,Black-headed Weaver,0.4116,rec_d1_15_28_48.750000.wav
0.0,2.75,Ploceus melanocephalus,Black-headed Weaver,0.5820,rec_d1_15_37_53.750000.wav
0.0,2.75,Ploceus melanocephalus,Black-headed Weaver,0.1666,rec_d1_15_38_01.500000.wav
0.0,2.75,Ploceus melanocephalus,Black-headed Weaver,0.0615,rec_d1_15_38_05.wav
0.0,2.75,Ploceus melanocephalus,Black-headed Weaver,0.1194,rec_d1_15_42_03.750000.wav
0.0,2.75,Ploceus melanocephalus,Black-headed Weaver,0.2000,rec_d1_15_44_10.wav
0.0,2.75,Ploceus melanocephalus,Black-headed Weaver,0.2148,rec_d1_15_44_12.750000.wav
0.0,2.75,Ploceus melanocephalus,Black-headed Weaver,0.3365,rec_d1_15_45_47.wav
0.0,2.75,Corvus corone,Carrion Crow,0.6675,rec_d1_15_51_32.500000.wav
0.0,2.75,Corvus corone,Carrion Crow,0.1465,rec_d1_15_54_52.250000.wav
0.0,2.75,Corvus corone,Carrion Crow,0.5925,rec_d1_16_00_01.wav
0.0,2.75,Corvus corone,Carrion Crow,0.2663,rec_d1_16_00_37.250000.wav
0.0,2.75,Corvus corone,Carrion Crow,0.2052,rec_d1_16_01_55.750000.wav
0.0,2.75,Corvus corone,Carrion Crow,0.1399,rec_d1_16_02_14.250000.wav
0.0,2.75,Corvus corone,Carrion Crow,0.3506,rec_d1_16_02_25.500000.wav
0.0,2.75,Corvus corone,Carrion Crow,0.1532,rec_d1_16_02_40.250000.wav
0.0,2.75,Corvus corone,Carrion Crow,0.6370,rec_d1_16_02_51.500000.wav
0.0,2.75,Corvus corone,Carrion Crow,0.0805,rec_d1_16_02_58.750000.wav
0.0,2.75,Corvus corone,Carrion Crow,0.5492,rec_d1_16_03_02.250000.wav
0.0,2.75,Corvus corone,Carrion Crow,0.6421,rec_d1_16_03_06.750000.wav
0.0,2.75,Corvus corone,Carrion Crow,0.5065,rec_d1_16_03_12.250000.wav
0.0,2.75,Corvus corone,Carrion Crow,0.2459,rec_d1_16_03_24.wav
0.0,2.75,Corvus corone,Carrion Crow,0.1870,rec_d1_16_03_34.500000.wav
0.0,2.75,Corvus corone,Carrion Crow,0.5479,rec_d1_16_04_23.wav
0.0,2.75,Corvus corone,Carrion Crow,0.7216,rec_d1_16_04_26.wav
0.0,2.75,Corvus corone,Carrion Crow,0.5103,rec_d1_16_04_50.750000.wav
0.0,2.75,Corvus corone,Carrion Crow,0.2638,rec_d1_16_05_13.750000.wav
0.0,2.75,Ploceus melanocephalus,Black-headed Weaver,0.1347,rec_d1_16_07_18.250000.wav
0.0,2.75,Corvus corone,Carrion Crow,0.2868,rec_d1_16_08_49.250000.wav
0.0,2.75,Ploceus melanocephalus,Black-headed Weaver,0.5655,rec_d1_16_08_58.500000.wav
0.0,2.75,Ploceus melanocephalus,Black-headed Weaver,0.6431,rec_d1_16_09_13.250000.wav
0.0,2.75,Ploceus melanocephalus,Black-headed Weaver,0.2710,rec_d1_16_09_16.500000.wav
0.0,2.75,Ploceus melanocephalus,Black-headed Weaver,0.0502,rec_d1_16_09_20.wav
0.0,2.75,Ploceus melanocephalus,Black-headed Weaver,0.1553,rec_d1_16_09_29.500000.wav
0.0,2.75,Ploceus melanocephalus,Black-headed Weaver,0.4908,rec_d1_16_09_37.500000.wav
0.0,2.75,Ploceus melanocephalus,Black-headed Weaver,0.4860,rec_d1_16_11_15.wav
0.0,2.75,Ploceus melanocephalus,Black-headed Weaver,0.0806,rec_d1_16_16_39.wav
0.0,2.75,Ploceus melanocephalus,Black-headed Weaver,0.2349,rec_d1_16_19_39.wav
0.0,2.75,Ploceus melanocephalus,Black-headed Weaver,0.0534,rec_d1_16_22_08.750000.wav
0.0,2.75,Ploceus melanocephalus,Black-headed Weaver,0.4497,rec_d1_16_23_25.wav
0.0,2.75,Ploceus melanocephalus,Black-headed Weaver,0.1362,rec_d1_16_23_55.750000.wav
0.0,2.75,Ploceus melanocephalus,Black-headed Weaver,0.3219,rec_d1_16_24_09.500000.wav
0.0,2.75,Ploceus melanocephalus,Black-headed Weaver,0.0510,rec_d1_16_24_12.750000.wav
0.0,2.75,Ploceus melanocephalus,Black-headed Weaver,0.0797,rec_d1_16_24_17.wav
0.0,2.75,Ploceus melanocephalus,Black-headed Weaver,0.2084,rec_d1_16_24_41.750000.wav
0.0,2.75,Ploceus melanocephalus,Black-headed Weaver,0.2227,rec_d1_16_24_44.750000.wav
0.0,2.75,Ploceus melanocephalus,Black-headed Weaver,0.3515,rec_d1_16_28_47.750000.wav
0.0,2.75,Ploceus melanocephalus,Black-headed Weaver,0.0870,rec_d1_16_28_59.250000.wav
0.0,2.75,Ploceus melanocephalus,Black-headed Weaver,0.2079,rec_d1_16_29_22.500000.wav
0.0,2.75,Ploceus melanocephalus,Black-headed Weaver,0.5637,rec_d1_16_29_25.500000.wav
0.0,2.75,Corvus corone,Carrion Crow,0.0570,rec_d1_16_30_22.750000.wav
0.0,2.75,Corvus corone,Carrion Crow,0.2517,rec_d1_16_37_34.wav
0.0,2.75,Ploceus melanocephalus,Black-headed Weaver,0.1962,rec_d1_16_42_00.750000.wav
0.0,2.75,Ploceus melanocephalus,Black-headed Weaver,0.1333,rec_d1_16_43_17.250000.wav
0.0,2.75,Corvus corone,Carrion Crow,0.0631,rec_d1_16_44_54.750000.wav
0.0,2.75,Ploceus melanocephalus,Black-headed Weaver,0.1512,rec_d1_16_48_57.750000.wav
0.0,2.75,Ploceus melanocephalus,Black-headed Weaver,0.1349,rec_d1_16_49_36.750000.wav
0.0,2.75,Ploceus melanocephalus,Black-headed Weaver,0.0972,rec_d1_16_49_39.750000.wav
0.0,2.75,Ploceus melanocephalus,Black-headed Weaver,0.1669,rec_d1_16_49_53.500000.wav
0.0,2.75,Ploceus melanocephalus,Black-headed Weaver,0.7069,rec_d1_16_49_57.750000.wav
0.0,2.75,Ploceus melanocephalus,Black-headed Weaver,0.3567,rec_d1_16_50_03.500000.wav
0.0,2.75,Ploceus melanocephalus,Black-headed Weaver,0.4274,rec_d1_16_50_06.250000.wav
0.0,2.75,Ploceus melanocephalus,Black-headed Weaver,0.7061,rec_d1_16_51_13.250000.wav
0.0,2.75,Ploceus melanocephalus,Black-headed Weaver,0.7222,rec_d1_16_51_24.750000.wav
0.0,2.75,Ploceus melanocephalus,Black-headed Weaver,0.6368,rec_d1_16_51_36.500000.wav
0.0,2.75,Ploceus melanocephalus,Black-headed Weaver,0.9975,rec_d1_16_51_56.wav
0.0,2.75,Ploceus melanocephalus,Black-headed Weaver,0.9004,rec_d1_16_52_01.wav
0.0,2.75,Ploceus melanocephalus,Black-headed Weaver,0.7434,rec_d1_16_52_03.750000.wav
0.0,2.75,Ploceus melanocephalus,Black-headed Weaver,0.6437,rec_d1_16_52_26.wav
0.0,2.75,Gallinula chloropus,Eurasian Moorhen,0.0750,rec_d1_16_52_40.500000.wav
0.0,2.75,Ploceus melanocephalus,Black-headed Weaver,0.3183,rec_d1_16_53_12.250000.wav
0.0,2.75,Ploceus melanocephalus,Black-headed Weaver,0.2974,rec_d1_16_54_16.wav
0.0,2.75,Ploceus melanocephalus,Black-headed Weaver,0.7728,rec_d1_17_00_38.750000.wav
0.0,2.75,Ploceus melanocephalus,Black-headed Weaver,0.4721,rec_d1_17_00_42.wav
0.0,2.75,Ploceus melanocephalus,Black-headed Weaver,0.1298,rec_d1_17_01_51.250000.wav
0.0,2.75,Ploceus melanocephalus,Black-headed Weaver,0.0513,rec_d1_17_01_57.250000.wav
0.0,2.75,Ploceus melanocephalus,Black-headed Weaver,0.7787,rec_d1_17_02_23.500000.wav
0.0,2.75,Ploceus melanocephalus,Black-headed Weaver,0.2201,rec_d1_17_02_26.500000.wav
0.0,2.75,Ploceus melanocephalus,Black-headed Weaver,0.2274,rec_d1_17_02_29.250000.wav
0.0,2.75,Ploceus melanocephalus,Black-headed Weaver,0.6454,rec_d1_17_02_32.wav
0.0,2.75,Ploceus melanocephalus,Black-headed Weaver,0.2969,rec_d1_17_02_57.500000.wav
0.0,2.75,Ploceus melanocephalus,Black-headed Weaver,0.3327,rec_d1_17_03_00.750000.wav
0.0,2.75,Ploceus melanocephalus,Black-headed Weaver,0.2376,rec_d1_17_03_03.750000.wav
0.0,2.75,Ploceus melanocephalus,Black-headed Weaver,0.1373,rec_d1_17_03_26.750000.wav
0.0,2.75,Ploceus melanocephalus,Black-headed Weaver,0.1298,rec_d1_17_03_47.250000.wav
0.0,2.75,Ploceus melanocephalus,Black-headed Weaver,0.2711,rec_d1_17_08_54.250000.wav
0.0,2.75,Ploceus melanocephalus,Black-headed Weaver,0.3164,rec_d1_17_11_05.wav
0.0,2.75,Branta canadensis,Canada Goose,0.0702,rec_d1_17_21_42.250000.wav
0.0,2.75,Branta canadensis,Canada Goose,0.0572,rec_d1_17_21_50.wav
0.0,2.75,Ploceus melanocephalus,Black-headed Weaver,0.2957,rec_d1_17_30_38.wav
0.0,2.75,Ploceus melanocephalus,Black-headed Weaver,0.1649,rec_d1_17_30_40.750000.wav
0.0,2.75,Ploceus melanocephalus,Black-headed Weaver,0.0712,rec_d1_17_42_01.500000.wav
0.0,2.75,Ploceus melanocephalus,Black-headed Weaver,0.0530,rec_d1_17_42_23.750000.wav
0.0,2.75,Ploceus melanocephalus,Black-headed Weaver,0.0538,rec_d1_17_42_35.500000.wav
0.0,2.75,Ploceus melanocephalus,Black-headed Weaver,0.0579,rec_d1_17_43_17.wav
0.0,2.75,Ploceus melanocephalus,Black-headed Weaver,0.1381,rec_d1_17_49_52.wav
0.0,2.75,Corvus corone,Carrion Crow,0.0825,rec_d1_17_52_47.wav
0.0,2.75,Corvus corone,Carrion Crow,0.5297,rec_d1_17_52_57.250000.wav
0.0,2.75,Ploceus melanocephalus,Black-headed Weaver,0.0702,rec_d1_18_00_25.500000.wav
0.0,2.75,Ploceus melanocephalus,Black-headed Weaver,0.1315,rec_d1_18_01_27.500000.wav
0.0,2.75,Corvus corone,Carrion Crow,0.1046,rec_d1_18_03_55.250000.wav
0.0,2.75,Ploceus melanocephalus,Black-headed Weaver,0.3359,rec_d1_18_04_54.500000.wav
0.0,2.75,Corvus corone,Carrion Crow,0.1246,rec_d1_18_09_51.wav
0.0,2.75,Ploceus melanocephalus,Black-headed Weaver,0.2649,rec_d1_18_10_53.750000.wav
0.0,2.75,Columba livia,Rock Pigeon,0.3246,rec_d1_18_12_47.250000.wav
0.0,2.75,Ploceus melanocephalus,Black-headed Weaver,0.0701,rec_d1_18_17_06.250000.wav
0.0,2.75,Ploceus melanocephalus,Black-headed Weaver,0.0570,rec_d1_18_20_20.250000.wav
0.0,2.75,Ploceus melanocephalus,Black-headed Weaver,0.0501,rec_d1_18_20_33.wav
0.0,2.75,Ploceus melanocephalus,Black-headed Weaver,0.1045,rec_d1_18_20_36.500000.wav
0.0,2.75,Ploceus melanocephalus,Black-headed Weaver,0.0561,rec_d1_18_20_40.wav
0.0,2.75,Ploceus melanocephalus,Black-headed Weaver,0.1389,rec_d1_18_20_44.wav
0.0,2.75,Ploceus melanocephalus,Black-headed Weaver,0.6754,rec_d1_18_20_58.wav
0.0,2.75,Ploceus melanocephalus,Black-headed Weaver,0.2685,rec_d1_18_21_01.wav
0.0,2.75,Ploceus melanocephalus,Black-headed Weaver,0.0507,rec_d1_18_21_47.250000.wav
0.0,2.75,Ploceus melanocephalus,Black-headed Weaver,0.0561,rec_d1_18_31_00.wav
0.0,2.75,Ploceus melanocephalus,Black-headed Weaver,0.1283,rec_d1_18_31_09.750000.wav
0.0,2.75,Ploceus melanocephalus,Black-headed Weaver,0.2580,rec_d1_18_34_22.250000.wav
0.0,2.75,Ploceus melanocephalus,Black-headed Weaver,0.0729,rec_d1_18_34_51.wav
0.0,2.75,Ploceus melanocephalus,Black-headed Weaver,0.5159,rec_d1_18_37_18.250000.wav
0.0,2.75,Ploceus melanocephalus,Black-headed Weaver,0.5038,rec_d1_18_37_38.500000.wav
0.0,2.75,Ploceus melanocephalus,Black-headed Weaver,0.8188,rec_d1_18_38_32.750000.wav
0.0,2.75,Ploceus melanocephalus,Black-headed Weaver,0.0639,rec_d1_18_38_35.500000.wav
0.0,2.75,Ploceus melanocephalus,Black-headed Weaver,0.0669,rec_d1_18_44_19.500000.wav
0.0,2.75,Ploceus melanocephalus,Black-headed Weaver,0.0839,rec_d1_18_47_01.500000.wav
0.0,2.75,Ploceus melanocephalus,Black-headed Weaver,0.0832,rec_d1_18_51_48.wav
0.0,2.75,Ploceus melanocephalus,Black-headed Weaver,0.1724,rec_d1_18_52_46.750000.wav
0.0,2.75,Ploceus melanocephalus,Black-headed Weaver,0.2874,rec_d1_18_52_54.500000.wav
0.0,2.75,Ploceus melanocephalus,Black-headed Weaver,0.1671,rec_d1_19_13_17.750000.wav
0.0,2.75,Columba livia,Rock Pigeon,0.0530,rec_d1_19_39_22.wav
0.0,2.75,Branta canadensis,Canada Goose,0.0767,rec_d1_21_33_10.750000.wav
0.0,2.75,Columba livia,Rock Pigeon,0.0638,rec_d1_22_18_15.250000.wav
0.0,2.75,Columba livia,Rock Pigeon,0.0516,rec_d1_22_26_32.750000.wav
0.0,2.75,Columba livia,Rock Pigeon,0.0682,rec_d2_01_00_59.750000.wav
0.0,2.75,Gallinula chloropus,Eurasian Moorhen,0.1791,rec_d2_01_28_31.250000.wav
0.0,2.75,Columba livia,Rock Pigeon,0.0501,rec_d2_03_46_26.wav
0.0,2.75,Ploceus melanocephalus,Black-headed Weaver,0.0596,rec_d2_04_10_31.750000.wav
0.0,2.75,Ploceus melanocephalus,Black-headed Weaver,0.1773,rec_d2_04_11_07.wav
0.0,2.75,Ploceus melanocephalus,Black-headed Weaver,0.1690,rec_d2_04_11_10.750000.wav
0.0,2.75,Ploceus melanocephalus,Black-headed Weaver,0.1453,rec_d2_04_11_16.750000.wav
0.0,2.75,Ploceus melanocephalus,Black-headed Weaver,0.2106,rec_d2_04_11_20.wav
0.0,2.75,Ploceus melanocephalus,Black-headed Weaver,0.1069,rec_d2_04_11_25.250000.wav
0.0,2.75,Ploceus melanocephalus,Black-headed Weaver,0.5581,rec_d2_04_11_31.500000.wav
0.0,2.75,Ploceus melanocephalus,Black-headed Weaver,0.1147,rec_d2_04_11_34.500000.wav
0.0,2.75,Ploceus melanocephalus,Black-headed Weaver,0.0510,rec_d2_04_11_44.250000.wav
0.0,2.75,Ploceus melanocephalus,Black-headed Weaver,0.1119,rec_d2_04_13_45.500000.wav
0.0,2.75,Ploceus melanocephalus,Black-headed Weaver,0.6853,rec_d2_04_16_28.wav
0.0,2.75,Ploceus melanocephalus,Black-headed Weaver,0.0859,rec_d2_04_16_31.250000.wav
0.0,2.75,Ploceus melanocephalus,Black-headed Weaver,0.4681,rec_d2_04_16_35.250000.wav
0.0,2.75,Ploceus melanocephalus,Black-headed Weaver,0.4528,rec_d2_04_17_07.750000.wav
0.0,2.75,Ploceus melanocephalus,Black-headed Weaver,0.0746,rec_d2_04_17_22.250000.wav
0.0,2.75,Ploceus melanocephalus,Black-headed Weaver,0.0735,rec_d2_04_17_29.750000.wav
0.0,2.75,Ploceus melanocephalus,Black-headed Weaver,0.1481,rec_d2_04_26_52.750000.wav
0.0,2.75,Ploceus melanocephalus,Black-headed Weaver,0.2081,rec_d2_04_27_00.wav
0.0,2.75,Gallinula chloropus,Eurasian Moorhen,0.5812,rec_d2_04_29_57.750000.wav
0.0,2.75,Gallinula chloropus,Eurasian Moorhen,0.8968,rec_d2_04_30_01.wav
0.0,2.75,Gallinula chloropus,Eurasian Moorhen,0.4853,rec_d2_04_30_04.250000.wav
0.0,2.75,Gallinula chloropus,Eurasian Moorhen,0.1588,rec_d2_04_30_08.750000.wav
0.0,2.75,Gallinula chloropus,Eurasian Moorhen,0.1489,rec_d2_04_30_17.wav
0.0,2.75,Gallinula chloropus,Eurasian Moorhen,0.1121,rec_d2_04_30_23.wav
0.0,2.75,Gallinula chloropus,Eurasian Moorhen,0.2830,rec_d2_04_30_30.wav
0.0,2.75,Gallinula chloropus,Eurasian Moorhen,0.0561,rec_d2_04_30_33.750000.wav
0.0,2.75,Gallinula chloropus,Eurasian Moorhen,0.0945,rec_d2_04_30_37.500000.wav
0.0,2.75,Gallinula chloropus,Eurasian Moorhen,0.8665,rec_d2_04_30_56.wav
0.0,2.75,Gallinula chloropus,Eurasian Moorhen,0.4397,rec_d2_04_30_59.500000.wav
0.0,2.75,Gallinula chloropus,Eurasian Moorhen,0.3354,rec_d2_04_31_02.250000.wav
0.0,2.75,Columba livia,Rock Pigeon,0.0789,rec_d2_04_31_11.500000.wav
0.0,2.75,Gallinula chloropus,Eurasian Moorhen,0.1350,rec_d2_04_31_21.250000.wav
0.0,2.75,Gallinula chloropus,Eurasian Moorhen,0.0545,rec_d2_04_31_27.500000.wav
0.0,2.75,Gallinula chloropus,Eurasian Moorhen,0.2874,rec_d2_04_31_32.wav
0.0,2.75,Gallinula chloropus,Eurasian Moorhen,0.0590,rec_d2_04_31_35.750000.wav
0.0,2.75,Gallinula chloropus,Eurasian Moorhen,0.2277,rec_d2_04_31_43.wav
0.0,2.75,Gallinula chloropus,Eurasian Moorhen,0.0595,rec_d2_04_31_50.750000.wav
0.0,2.75,Gallinula chloropus,Eurasian Moorhen,0.0892,rec_d2_04_31_56.250000.wav
0.0,2.75,Gallinula chloropus,Eurasian Moorhen,0.1440,rec_d2_04_32_03.500000.wav
0.0,2.75,Gallinula chloropus,Eurasian Moorhen,0.1507,rec_d2_04_32_21.750000.wav
0.0,2.75,Gallinula chloropus,Eurasian Moorhen,0.1142,rec_d2_04_32_52.500000.wav
0.0,2.75,Gallinula chloropus,Eurasian Moorhen,0.2166,rec_d2_04_33_08.wav
0.0,2.75,Gallinula chloropus,Eurasian Moorhen,0.1547,rec_d2_04_33_11.750000.wav
0.0,2.75,Gallinula chloropus,Eurasian Moorhen,0.3061,rec_d2_04_33_17.750000.wav
0.0,2.75,Gallinula chloropus,Eurasian Moorhen,0.1172,rec_d2_04_33_20.750000.wav
0.0,2.75,Gallinula chloropus,Eurasian Moorhen,0.3152,rec_d2_04_33_28.250000.wav
0.0,2.75,Gallinula chloropus,Eurasian Moorhen,0.1492,rec_d2_04_33_32.250000.wav
0.0,2.75,Gallinula chloropus,Eurasian Moorhen,0.2609,rec_d2_04_33_35.wav
0.0,2.75,Gallinula chloropus,Eurasian Moorhen,0.0905,rec_d2_04_33_58.750000.wav
0.0,2.75,Gallinula chloropus,Eurasian Moorhen,0.0670,rec_d2_04_34_01.500000.wav
0.0,2.75,Gallinula chloropus,Eurasian Moorhen,0.0765,rec_d2_04_36_23.250000.wav
0.0,2.75,Gallinula chloropus,Eurasian Moorhen,0.1920,rec_d2_04_36_54.500000.wav
0.0,2.75,Gallinula chloropus,Eurasian Moorhen,0.0849,rec_d2_04_37_25.750000.wav
0.0,2.75,Gallinula chloropus,Eurasian Moorhen,0.1023,rec_d2_04_37_33.250000.wav
0.0,2.75,Gallinula chloropus,Eurasian Moorhen,0.0854,rec_d2_04_37_37.500000.wav
0.0,2.75,Gallinula chloropus,Eurasian Moorhen,0.0873,rec_d2_04_37_53.wav
0.0,2.75,Branta canadensis,Canada Goose,0.1566,rec_d2_04_38_09.wav
0.0,2.75,Gallinula chloropus,Eurasian Moorhen,0.1280,rec_d2_04_38_26.500000.wav
0.0,2.75,Gallinula chloropus,Eurasian Moorhen,0.0526,rec_d2_04_38_41.250000.wav
0.0,2.75,Gallinula chloropus,Eurasian Moorhen,0.1276,rec_d2_04_38_56.500000.wav
0.0,2.75,Ploceus melanocephalus,Black-headed Weaver,0.1603,rec_d2_04_39_12.750000.wav
0.0,2.75,Ploceus melanocephalus,Black-headed Weaver,0.1090,rec_d2_04_40_06.750000.wav
0.0,2.75,Ploceus melanocephalus,Black-headed Weaver,0.0962,rec_d2_04_40_39.250000.wav
0.0,2.75,Ploceus melanocephalus,Black-headed Weaver,0.1762,rec_d2_04_40_48.wav
0.0,2.75,Ploceus melanocephalus,Black-headed Weaver,0.0560,rec_d2_04_40_51.750000.wav
0.0,2.75,Corvus corone,Carrion Crow,0.0742,rec_d2_04_41_04.250000.wav
0.0,2.75,Corvus corone,Carrion Crow,0.3149,rec_d2_04_41_07.wav
0.0,2.75,Ploceus melanocephalus,Black-headed Weaver,0.2102,rec_d2_04_41_10.wav
0.0,2.75,Ploceus melanocephalus,Black-headed Weaver,0.0763,rec_d2_04_41_13.wav
0.0,2.75,Ploceus melanocephalus,Black-headed Weaver,0.6320,rec_d2_04_42_48.250000.wav
0.0,2.75,Ploceus melanocephalus,Black-headed Weaver,0.0519,rec_d2_04_44_14.250000.wav
0.0,2.75,Upupa epops,Eurasian Hoopoe,0.0579,rec_d2_04_48_06.500000.wav
0.0,2.75,Ploceus melanocephalus,Black-headed Weaver,0.1719,rec_d2_04_48_58.wav
0.0,2.75,Corvus corone,Carrion Crow,0.1876,rec_d2_04_49_38.250000.wav
0.0,2.75,Ploceus melanocephalus,Black-headed Weaver,0.0861,rec_d2_04_49_41.250000.wav
0.0,2.75,Ploceus melanocephalus,Black-headed Weaver,0.0976,rec_d2_04_49_46.wav
0.0,2.75,Ploceus melanocephalus,Black-headed Weaver,0.1113,rec_d2_04_53_21.250000.wav
0.0,2.75,Ploceus melanocephalus,Black-headed Weaver,0.2084,rec_d2_05_00_38.500000.wav
0.0,2.75,Ploceus melanocephalus,Black-headed Weaver,0.1035,rec_d2_05_00_57.750000.wav
0.0,2.75,Ploceus melanocephalus,Black-headed Weaver,0.0766,rec_d2_05_01_25.250000.wav
0.0,2.75,Ploceus melanocephalus,Black-headed Weaver,0.3308,rec_d2_05_01_28.250000.wav
0.0,2.75,Ploceus melanocephalus,Black-headed Weaver,0.3142,rec_d2_05_01_31.750000.wav
0.0,2.75,Ploceus melanocephalus,Black-headed Weaver,0.4381,rec_d2_05_01_34.500000.wav
0.0,2.75,Ploceus melanocephalus,Black-headed Weaver,0.0563,rec_d2_05_01_37.250000.wav
0.0,2.75,Ploceus melanocephalus,Black-headed Weaver,0.2804,rec_d2_05_01_52.wav
0.0,2.75,Ploceus melanocephalus,Black-headed Weaver,0.8285,rec_d2_05_01_57.wav
0.0,2.75,Ploceus melanocephalus,Black-headed Weaver,0.0801,rec_d2_05_02_35.750000.wav
0.0,2.75,Ploceus melanocephalus,Black-headed Weaver,0.2284,rec_d2_05_02_56.750000.wav
0.0,2.75,Ploceus melanocephalus,Black-headed Weaver,0.0729,rec_d2_05_03_09.250000.wav
0.0,2.75,Ploceus melanocephalus,Black-headed Weaver,0.2992,rec_d2_05_03_22.500000.wav
0.0,2.75,Ploceus melanocephalus,Black-headed Weaver,0.3662,rec_d2_05_03_25.500000.wav
0.0,2.75,Ploceus melanocephalus,Black-headed Weaver,0.2231,rec_d2_05_03_28.250000.wav
0.0,2.75,Ploceus melanocephalus,Black-headed Weaver,0.1593,rec_d2_05_03_34.750000.wav
0.0,2.75,Ploceus melanocephalus,Black-headed Weaver,0.0672,rec_d2_05_03_37.500000.wav
0.0,2.75,Ploceus melanocephalus,Black-headed Weaver,0.1961,rec_d2_05_03_42.250000.wav
0.0,2.75,Ploceus melanocephalus,Black-headed Weaver,0.1057,rec_d2_05_03_45.500000.wav
0.0,2.75,Ploceus melanocephalus,Black-headed Weaver,0.0560,rec_d2_05_03_51.750000.wav
0.0,2.75,Ploceus melanocephalus,Black-headed Weaver,0.0562,rec_d2_05_03_56.500000.wav
0.0,2.75,Ploceus melanocephalus,Black-headed Weaver,0.9281,rec_d2_05_04_00.wav
0.0,2.75,Ploceus melanocephalus,Black-headed Weaver,0.7373,rec_d2_05_04_04.750000.wav
0.0,2.75,Ploceus melanocephalus,Black-headed Weaver,0.2169,rec_d2_05_04_07.500000.wav
0.0,2.75,Ploceus melanocephalus,Black-headed Weaver,0.4248,rec_d2_05_04_18.wav
0.0,2.75,Ploceus melanocephalus,Black-headed Weaver,0.1211,rec_d2_05_04_37.750000.wav
0.0,2.75,Ploceus melanocephalus,Black-headed Weaver,0.0788,rec_d2_05_05_31.wav
0.0,2.75,Ploceus melanocephalus,Black-headed Weaver,0.1837,rec_d2_05_12_07.wav
0.0,2.75,Ploceus melanocephalus,Black-headed Weaver,0.1459,rec_d2_05_12_58.500000.wav
0.0,2.75,Ploceus melanocephalus,Black-headed Weaver,0.0690,rec_d2_05_16_01.250000.wav
0.0,2.75,Ploceus melanocephalus,Black-headed Weaver,0.0730,rec_d2_05_19_50.250000.wav
0.0,2.75,Ploceus melanocephalus,Black-headed Weaver,0.6448,rec_d2_05_21_38.750000.wav
0.0,2.75,Ploceus melanocephalus,Black-headed Weaver,0.0646,rec_d2_05_22_08.wav
0.0,2.75,Ploceus melanocephalus,Black-headed Weaver,0.4470,rec_d2_05_22_58.250000.wav
0.0,2.75,Ploceus melanocephalus,Black-headed Weaver,0.1556,rec_d2_05_24_16.250000.wav
0.0,2.75,Ploceus melanocephalus,Black-headed Weaver,0.1384,rec_d2_05_30_11.500000.wav
0.0,2.75,Ploceus melanocephalus,Black-headed Weaver,0.0594,rec_d2_05_30_15.250000.wav
0.0,2.75,Ploceus melanocephalus,Black-headed Weaver,0.1338,rec_d2_05_30_19.wav
0.0,2.75,Ploceus melanocephalus,Black-headed Weaver,0.2501,rec_d2_05_30_26.wav
0.0,2.75,Ploceus melanocephalus,Black-headed Weaver,0.0836,rec_d2_05_30_31.750000.wav
0.0,2.75,Ploceus melanocephalus,Black-headed Weaver,0.0897,rec_d2_05_30_38.750000.wav
0.0,2.75,Ploceus melanocephalus,Black-headed Weaver,0.4376,rec_d2_05_30_49.wav
0.0,2.75,Ploceus melanocephalus,Black-headed Weaver,0.0514,rec_d2_05_33_39.wav
0.0,2.75,Ploceus melanocephalus,Black-headed Weaver,0.3450,rec_d2_05_35_04.750000.wav
0.0,2.75,Ploceus melanocephalus,Black-headed Weaver,0.4998,rec_d2_05_35_09.wav
0.0,2.75,Ploceus melanocephalus,Black-headed Weaver,0.1601,rec_d2_05_35_12.250000.wav
0.0,2.75,Corvus corone,Carrion Crow,0.5064,rec_d2_05_35_37.750000.wav
0.0,2.75,Ploceus melanocephalus,Black-headed Weaver,0.7933,rec_d2_05_35_43.750000.wav
0.0,2.75,Corvus corone,Carrion Crow,0.3325,rec_d2_05_35_43.750000.wav
0.0,2.75,Ploceus melanocephalus,Black-headed Weaver,0.8623,rec_d2_05_36_09.750000.wav
0.0,2.75,Ploceus melanocephalus,Black-headed Weaver,0.6388,rec_d2_05_36_12.500000.wav
0.0,2.75,Ploceus melanocephalus,Black-headed Weaver,0.0646,rec_d2_05_36_21.750000.wav
0.0,2.75,Ploceus melanocephalus,Black-headed Weaver,0.0516,rec_d2_05_36_25.750000.wav
0.0,2.75,Corvus corone,Carrion Crow,0.0743,rec_d2_05_37_36.750000.wav
0.0,2.75,Ploceus melanocephalus,Black-headed Weaver,0.1044,rec_d2_05_38_15.250000.wav
0.0,2.75,Ploceus melanocephalus,Black-headed Weaver,0.1014,rec_d2_05_38_18.wav
0.0,2.75,Corvus corone,Carrion Crow,0.4910,rec_d2_05_39_50.750000.wav
0.0,2.75,Corvus corone,Carrion Crow,0.3167,rec_d2_05_40_02.500000.wav
0.0,2.75,Corvus corone,Carrion Crow,0.0639,rec_d2_05_40_55.250000.wav
0.0,2.75,Ploceus melanocephalus,Black-headed Weaver,0.1921,rec_d2_05_45_42.wav
0.0,2.75,Ploceus melanocephalus,Black-headed Weaver,0.8713,rec_d2_05_45_47.750000.wav
0.0,2.75,Ploceus melanocephalus,Black-headed Weaver,0.0657,rec_d2_05_45_54.250000.wav
0.0,2.75,Ploceus melanocephalus,Black-headed Weaver,0.4240,rec_d2_05_46_25.250000.wav
0.0,2.75,Ploceus melanocephalus,Black-headed Weaver,0.6124,rec_d2_05_46_37.250000.wav
0.0,2.75,Ploceus melanocephalus,Black-headed Weaver,0.7970,rec_d2_05_46_40.500000.wav
0.0,2.75,Ploceus melanocephalus,Black-headed Weaver,0.0673,rec_d2_05_47_06.750000.wav
0.0,2.75,Ploceus melanocephalus,Black-headed Weaver,0.6435,rec_d2_05_47_13.wav
0.0,2.75,Ploceus melanocephalus,Black-headed Weaver,0.5728,rec_d2_05_47_16.wav
0.0,2.75,Ploceus melanocephalus,Black-headed Weaver,0.2632,rec_d2_05_47_18.750000.wav
0.0,2.75,Ploceus melanocephalus,Black-headed Weaver,0.0957,rec_d2_05_47_31.wav
0.0,2.75,Ploceus melanocephalus,Black-headed Weaver,0.9296,rec_d2_05_47_45.750000.wav
0.0,2.75,Ploceus melanocephalus,Black-headed Weaver,0.7156,rec_d2_05_47_51.wav
0.0,2.75,Ploceus melanocephalus,Black-headed Weaver,0.3545,rec_d2_05_48_03.wav
0.0,2.75,Ploceus melanocephalus,Black-headed Weaver,0.1267,rec_d2_05_48_20.250000.wav
0.0,2.75,Ploceus melanocephalus,Black-headed Weaver,0.5144,rec_d2_05_48_27.500000.wav
0.0,2.75,Ploceus melanocephalus,Black-headed Weaver,0.0682,rec_d2_05_48_35.wav
0.0,2.75,Ploceus melanocephalus,Black-headed Weaver,0.3699,rec_d2_05_48_38.wav
0.0,2.75,Ploceus melanocephalus,Black-headed Weaver,0.3991,rec_d2_05_48_51.750000.wav
0.0,2.75,Ploceus melanocephalus,Black-headed Weaver,0.1886,rec_d2_05_48_56.wav
0.0,2.75,Ploceus melanocephalus,Black-headed Weaver,0.1572,rec_d2_05_51_50.250000.wav
0.0,2.75,Corvus corone,Carrion Crow,0.1957,rec_d2_05_53_33.750000.wav
0.0,2.75,Ploceus melanocephalus,Black-headed Weaver,0.0784,rec_d2_05_54_13.250000.wav
0.0,2.75,Ploceus melanocephalus,Black-headed Weaver,0.1702,rec_d2_06_04_01.250000.wav
0.0,2.75,Ploceus melanocephalus,Black-headed Weaver,0.1019,rec_d2_06_04_04.wav
0.0,2.75,Ploceus melanocephalus,Black-headed Weaver,0.0547,rec_d2_06_07_59.750000.wav
0.0,2.75,Ploceus melanocephalus,Black-headed Weaver,0.0520,rec_d2_06_19_23.500000.wav
0.0,2.75,Ploceus melanocephalus,Black-headed Weaver,0.2285,rec_d2_06_19_32.wav
0.0,2.75,Ploceus melanocephalus,Black-headed Weaver,0.0626,rec_d2_06_48_31.500000.wav
0.0,2.75,Ploceus melanocephalus,Black-headed Weaver,0.2820,rec_d2_06_49_16.250000.wav
0.0,2.75,Ploceus melanocephalus,Black-headed Weaver,0.0867,rec_d2_06_49_30.750000.wav
0.0,2.75,Ploceus melanocephalus,Black-headed Weaver,0.2062,rec_d2_06_49_33.750000.wav
0.0,2.75,Ploceus melanocephalus,Black-headed Weaver,0.0767,rec_d2_06_51_22.750000.wav
0.0,2.75,Ploceus melanocephalus,Black-headed Weaver,0.3590,rec_d2_06_51_46.500000.wav
0.0,2.75,Ploceus melanocephalus,Black-headed Weaver,0.1606,rec_d2_06_51_51.250000.wav
0.0,2.75,Ploceus melanocephalus,Black-headed Weaver,0.0530,rec_d2_06_52_06.wav
0.0,2.75,Ploceus melanocephalus,Black-headed Weaver,0.1952,rec_d2_06_52_59.500000.wav
0.0,2.75,Ploceus melanocephalus,Black-headed Weaver,0.1914,rec_d2_07_00_48.750000.wav
0.0,2.75,Ploceus melanocephalus,Black-headed Weaver,0.0513,rec_d2_07_02_27.wav
0.0,2.75,Ploceus melanocephalus,Black-headed Weaver,0.4105,rec_d2_07_02_37.250000.wav
0.0,2.75,Ploceus melanocephalus,Black-headed Weaver,0.7884,rec_d2_07_02_41.250000.wav
0.0,2.75,Ploceus melanocephalus,Black-headed Weaver,0.1244,rec_d2_07_11_12.500000.wav
0.0,2.75,Ploceus melanocephalus,Black-headed Weaver,0.1239,rec_d2_07_15_52.750000.wav
0.0,2.75,Ploceus melanocephalus,Black-headed Weaver,0.0567,rec_d2_07_16_11.750000.wav
0.0,2.75,Ploceus melanocephalus,Black-headed Weaver,0.1149,rec_d2_07_16_35.250000.wav
0.0,2.75,Ploceus melanocephalus,Black-headed Weaver,0.5184,rec_d2_07_17_03.wav
0.0,2.75,Ploceus melanocephalus,Black-headed Weaver,0.2327,rec_d2_07_17_06.500000.wav
0.0,2.75,Ploceus melanocephalus,Black-headed Weaver,0.1172,rec_d2_07_17_10.wav
0.0,2.75,Ploceus melanocephalus,Black-headed Weaver,0.0675,rec_d2_07_17_13.wav
0.0,2.75,Ploceus melanocephalus,Black-headed Weaver,0.0845,rec_d2_07_17_15.750000.wav
0.0,2.75,Ploceus melanocephalus,Black-headed Weaver,0.0616,rec_d2_07_17_28.750000.wav
0.0,2.75,Ploceus melanocephalus,Black-headed Weaver,0.1206,rec_d2_07_17_41.500000.wav
0.0,2.75,Ploceus melanocephalus,Black-headed Weaver,0.0559,rec_d2_07_19_30.wav
0.0,2.75,Ploceus melanocephalus,Black-headed Weaver,0.1598,rec_d2_07_19_41.750000.wav
0.0,2.75,Ploceus melanocephalus,Black-headed Weaver,0.7943,rec_d2_07_20_28.750000.wav
0.0,2.75,Ploceus melanocephalus,Black-headed Weaver,0.4432,rec_d2_07_20_36.wav
0.0,2.75,Ploceus melanocephalus,Black-headed Weaver,0.1561,rec_d2_07_20_45.250000.wav
0.0,2.75,Ploceus melanocephalus,Black-headed Weaver,0.0864,rec_d2_07_21_28.500000.wav
0.0,2.75,Ploceus melanocephalus,Black-headed Weaver,0.2411,rec_d2_07_21_45.250000.wav
0.0,2.75,Ploceus melanocephalus,Black-headed Weaver,0.8887,rec_d2_07_37_19.500000.wav
0.0,2.75,Ploceus melanocephalus,Black-headed Weaver,0.1858,rec_d2_07_43_03.750000.wav
0.0,2.75,Ploceus melanocephalus,Black-headed Weaver,0.0838,rec_d2_07_43_18.wav
0.0,2.75,Ploceus melanocephalus,Black-headed Weaver,0.0587,rec_d2_07_43_26.wav
0.0,2.75,Ploceus melanocephalus,Black-headed Weaver,0.5357,rec_d2_07_43_32.500000.wav
0.0,2.75,Ploceus melanocephalus,Black-headed Weaver,0.0745,rec_d2_07_43_39.250000.wav
0.0,2.75,Ploceus melanocephalus,Black-headed Weaver,0.3343,rec_d2_07_43_42.wav
0.0,2.75,Ploceus melanocephalus,Black-headed Weaver,0.5500,rec_d2_07_43_46.750000.wav
0.0,2.75,Ploceus melanocephalus,Black-headed Weaver,0.7117,rec_d2_07_43_53.500000.wav
0.0,2.75,Ploceus melanocephalus,Black-headed Weaver,0.1093,rec_d2_07_43_57.250000.wav
0.0,2.75,Ploceus melanocephalus,Black-headed Weaver,0.0505,rec_d2_07_44_22.500000.wav
0.0,2.75,Ploceus melanocephalus,Black-headed Weaver,0.2774,rec_d2_07_44_33.750000.wav
0.0,2.75,Ploceus melanocephalus,Black-headed Weaver,0.4312,rec_d2_07_47_27.wav
0.0,2.75,Ploceus melanocephalus,Black-headed Weaver,0.0599,rec_d2_07_47_32.500000.wav
0.0,2.75,Ploceus melanocephalus,Black-headed Weaver,0.1260,rec_d2_07_47_40.250000.wav
0.0,2.75,Ploceus melanocephalus,Black-headed Weaver,0.1290,rec_d2_07_48_23.250000.wav
0.0,2.75,Ploceus melanocephalus,Black-headed Weaver,0.1273,rec_d2_07_49_42.wav
0.0,2.75,Ploceus melanocephalus,Black-headed Weaver,0.0698,rec_d2_07_49_57.750000.wav
0.0,2.75,Ploceus melanocephalus,Black-headed Weaver,0.0537,rec_d2_07_50_38.500000.wav
0.0,2.75,Ploceus melanocephalus,Black-headed Weaver,0.1152,rec_d2_07_50_41.500000.wav
0.0,2.75,Ploceus melanocephalus,Black-headed Weaver,0.6916,rec_d2_08_02_14.500000.wav
0.0,2.75,Ploceus melanocephalus,Black-headed Weaver,0.0726,rec_d2_08_02_17.250000.wav
0.0,2.75,Ploceus melanocephalus,Black-headed Weaver,0.3771,rec_d2_08_02_27.750000.wav
0.0,2.75,Ploceus melanocephalus,Black-headed Weaver,0.1166,rec_d2_08_02_37.wav
0.0,2.75,Ploceus melanocephalus,Black-headed Weaver,0.1861,rec_d2_08_02_39.750000.wav
0.0,2.75,Ploceus melanocephalus,Black-headed Weaver,0.0678,rec_d2_08_02_43.wav
0.0,2.75,Ploceus melanocephalus,Black-headed Weaver,0.0607,rec_d2_08_02_48.750000.wav
0.0,2.75,Ploceus melanocephalus,Black-headed Weaver,0.0503,rec_d2_08_02_52.wav
0.0,2.75,Ploceus melanocephalus,Black-headed Weaver,0.0620,rec_d2_08_03_09.500000.wav
0.0,2.75,Ploceus melanocephalus,Black-headed Weaver,0.1627,rec_d2_08_03_26.500000.wav
0.0,2.75,Ploceus melanocephalus,Black-headed Weaver,0.0831,rec_d2_08_03_48.wav
0.0,2.75,Ploceus melanocephalus,Black-headed Weaver,0.0573,rec_d2_08_03_56.500000.wav
0.0,2.75,Ploceus melanocephalus,Black-headed Weaver,0.1647,rec_d2_08_04_01.250000.wav
0.0,2.75,Ploceus melanocephalus,Black-headed Weaver,0.0503,rec_d2_08_04_09.250000.wav
0.0,2.75,Ploceus melanocephalus,Black-headed Weaver,0.0604,rec_d2_08_06_34.750000.wav
0.0,2.75,Ploceus melanocephalus,Black-headed Weaver,0.1223,rec_d2_08_18_33.500000.wav
0.0,2.75,Ploceus melanocephalus,Black-headed Weaver,0.2154,rec_d2_08_21_14.wav
0.0,2.75,Ploceus melanocephalus,Black-headed Weaver,0.1774,rec_d2_08_27_38.250000.wav
0.0,2.75,Ploceus melanocephalus,Black-headed Weaver,0.1218,rec_d2_08_38_24.250000.wav
0.0,2.75,Ploceus melanocephalus,Black-headed Weaver,0.0504,rec_d2_08_38_33.750000.wav
0.0,2.75,Ploceus melanocephalus,Black-headed Weaver,0.0805,rec_d2_08_41_43.750000.wav
0.0,2.75,Ploceus melanocephalus,Black-headed Weaver,0.0521,rec_d2_08_51_55.wav
0.0,2.75,Columba livia,Rock Pigeon,0.1429,rec_d2_09_04_48.250000.wav
0.0,2.75,Ploceus melanocephalus,Black-headed Weaver,0.1099,rec_d2_09_35_55.250000.wav
0.0,2.75,Ploceus melanocephalus,Black-headed Weaver,0.8748,rec_d2_10_01_49.wav
0.0,2.75,Ploceus melanocephalus,Black-headed Weaver,0.1040,rec_d2_10_01_59.250000.wav
0.0,2.75,Ploceus melanocephalus,Black-headed Weaver,0.3980,rec_d2_10_45_16.250000.wav
0.0,2.75,Ploceus melanocephalus,Black-headed Weaver,0.0622,rec_d2_10_47_44.750000.wav
0.0,2.75,Ploceus melanocephalus,Black-headed Weaver,0.0797,rec_d2_10_47_58.750000.wav
0.0,2.75,Ploceus melanocephalus,Black-headed Weaver,0.3979,rec_d2_10_49_36.750000.wav
0.0,2.75,Ploceus melanocephalus,Black-headed Weaver,0.1181,rec_d2_11_14_35.250000.wav
0.0,2.75,Ploceus melanocephalus,Black-headed Weaver,0.3715,rec_d2_11_16_34.500000.wav
0.0,2.75,Ploceus melanocephalus,Black-headed Weaver,0.3031,rec_d2_11_37_37.250000.wav
0.0,2.75,Ploceus melanocephalus,Black-headed Weaver,0.3404,rec_d2_11_39_26.250000.wav
0.0,2.75,Ploceus melanocephalus,Black-headed Weaver,0.1458,rec_d2_13_24_50.750000.wav
0.0,2.75,Ploceus melanocephalus,Black-headed Weaver,0.2932,rec_d2_13_25_42.wav
0.0,2.75,Ploceus melanocephalus,Black-headed Weaver,0.1829,rec_d2_13_26_27.750000.wav
0.0,2.75,Ploceus melanocephalus,Black-headed Weaver,0.0925,rec_d2_14_13_41.500000.wav
0.0,2.75,Ploceus melanocephalus,Black-headed Weaver,0.0615,rec_d2_14_23_45.500000.wav
0.0,2.75,Ploceus melanocephalus,Black-headed Weaver,0.3098,rec_d2_14_23_51.wav
0.0,2.75,Ploceus melanocephalus,Black-headed Weaver,0.0857,rec_d2_14_23_55.250000.wav
0.0,2.75,Ploceus melanocephalus,Black-headed Weaver,0.1941,rec_d2_14_24_03.750000.wav
0.0,2.75,Ploceus melanocephalus,Black-headed Weaver,0.1065,rec_d2_14_24_12.wav
0.0,2.75,Ploceus melanocephalus,Black-headed Weaver,0.1870,rec_d2_14_24_35.wav
0.0,2.75,Ploceus melanocephalus,Black-headed Weaver,0.1002,rec_d2_14_28_06.250000.wav
0.0,2.75,Ploceus melanocephalus,Black-headed Weaver,0.0538,rec_d2_14_28_11.wav
0.0,2.75,Ploceus melanocephalus,Black-headed Weaver,0.1163,rec_d2_14_28_14.750000.wav
0.0,2.75,Ploceus melanocephalus,Black-headed Weaver,0.0505,rec_d2_14_29_42.500000.wav
0.0,2.75,Ploceus melanocephalus,Black-headed Weaver,0.0703,rec_d2_14_29_45.250000.wav
0.0,2.75,Ploceus melanocephalus,Black-headed Weaver,0.1189,rec_d2_14_42_03.750000.wav
0.0,2.75,Ploceus melanocephalus,Black-headed Weaver,0.0630,rec_d2_14_48_48.wav
0.0,2.75,Ploceus melanocephalus,Black-headed Weaver,0.0808,rec_d2_14_50_08.wav
0.0,2.75,Ploceus melanocephalus,Black-headed Weaver,0.2874,rec_d2_14_50_35.wav
0.0,2.75,Ploceus melanocephalus,Black-headed Weaver,0.4636,rec_d2_15_00_30.wav
0.0,2.75,Ploceus melanocephalus,Black-headed Weaver,0.3774,rec_d2_15_00_33.250000.wav
0.0,2.75,Ploceus melanocephalus,Black-headed Weaver,0.5053,rec_d2_15_07_12.wav
0.0,2.75,Ploceus melanocephalus,Black-headed Weaver,0.3375,rec_d2_15_13_00.500000.wav
0.0,2.75,Ploceus melanocephalus,Black-headed Weaver,0.0626,rec_d2_15_13_33.750000.wav
0.0,2.75,Ploceus melanocephalus,Black-headed Weaver,0.0678,rec_d2_15_13_53.500000.wav
0.0,2.75,Ploceus melanocephalus,Black-headed Weaver,0.2128,rec_d2_15_21_18.500000.wav
0.0,2.75,Corvus corone,Carrion Crow,0.0563,rec_d2_15_21_48.750000.wav
0.0,2.75,Ploceus melanocephalus,Black-headed Weaver,0.1787,rec_d2_15_36_39.250000.wav
0.0,2.75,Ploceus melanocephalus,Black-headed Weaver,0.1611,rec_d2_15_37_08.wav
0.0,2.75,Ploceus melanocephalus,Black-headed Weaver,0.2900,rec_d2_15_39_01.500000.wav
0.0,2.75,Ploceus melanocephalus,Black-headed Weaver,0.4831,rec_d2_15_39_56.250000.wav
0.0,2.75,Ploceus melanocephalus,Black-headed Weaver,0.1804,rec_d2_15_39_59.250000.wav
0.0,2.75,Ploceus melanocephalus,Black-headed Weaver,0.8557,rec_d2_15_40_13.750000.wav
0.0,2.75,Ploceus melanocephalus,Black-headed Weaver,0.1005,rec_d2_15_40_19.250000.wav
0.0,2.75,Ploceus melanocephalus,Black-headed Weaver,0.3661,rec_d2_15_43_03.wav
0.0,2.75,Ploceus melanocephalus,Black-headed Weaver,0.0900,rec_d2_15_43_09.750000.wav
0.0,2.75,Ploceus melanocephalus,Black-headed Weaver,0.1824,rec_d2_15_44_20.wav
0.0,2.75,Ploceus melanocephalus,Black-headed Weaver,0.4027,rec_d2_15_44_30.wav
0.0,2.75,Ploceus melanocephalus,Black-headed Weaver,0.1404,rec_d2_15_50_32.750000.wav
0.0,2.75,Ploceus melanocephalus,Black-headed Weaver,0.0765,rec_d2_15_50_45.750000.wav
0.0,2.75,Ploceus melanocephalus,Black-headed Weaver,0.2833,rec_d2_15_51_14.750000.wav
0.0,2.75,Ploceus melanocephalus,Black-headed Weaver,0.0510,rec_d2_15_51_34.250000.wav
0.0,2.75,Ploceus melanocephalus,Black-headed Weaver,0.5936,rec_d2_15_51_38.wav
0.0,2.75,Ploceus melanocephalus,Black-headed Weaver,0.1432,rec_d2_15_52_01.wav
0.0,2.75,Ploceus melanocephalus,Black-headed Weaver,0.0840,rec_d2_15_53_34.250000.wav
0.0,2.75,Ploceus melanocephalus,Black-headed Weaver,0.0583,rec_d2_15_54_15.250000.wav
0.0,2.75,Ploceus melanocephalus,Black-headed Weaver,0.1634,rec_d2_16_03_01.750000.wav
0.0,2.75,Ploceus melanocephalus,Black-headed Weaver,0.0666,rec_d2_16_06_06.wav
0.0,2.75,Ploceus melanocephalus,Black-headed Weaver,0.1212,rec_d2_16_06_17.250000.wav
0.0,2.75,Ploceus melanocephalus,Black-headed Weaver,0.0591,rec_d2_16_14_50.750000.wav
0.0,2.75,Ploceus melanocephalus,Black-headed Weaver,0.2468,rec_d2_16_17_44.wav
0.0,2.75,Ploceus melanocephalus,Black-headed Weaver,0.1759,rec_d2_16_17_46.750000.wav
0.0,2.75,Ploceus melanocephalus,Black-headed Weaver,0.7916,rec_d2_16_17_54.wav
0.0,2.75,Ploceus melanocephalus,Black-headed Weaver,0.8383,rec_d2_16_17_57.wav
0.0,2.75,Ploceus melanocephalus,Black-headed Weaver,0.8415,rec_d2_16_18_03.500000.wav
0.0,2.75,Ploceus melanocephalus,Black-headed Weaver,0.3490,rec_d2_16_18_09.750000.wav
0.0,2.75,Ploceus melanocephalus,Black-headed Weaver,0.0639,rec_d2_16_18_12.750000.wav
0.0,2.75,Ploceus melanocephalus,Black-headed Weaver,0.4522,rec_d2_16_18_17.250000.wav
0.0,2.75,Ploceus melanocephalus,Black-headed Weaver,0.1437,rec_d2_16_19_27.750000.wav
0.0,2.75,Ploceus melanocephalus,Black-headed Weaver,0.0660,rec_d2_16_19_40.wav
0.0,2.75,Ploceus melanocephalus,Black-headed Weaver,0.4878,rec_d2_16_19_48.wav
0.0,2.75,Ploceus melanocephalus,Black-headed Weaver,0.0616,rec_d2_16_20_05.500000.wav
0.0,2.75,Ploceus melanocephalus,Black-headed Weaver,0.3445,rec_d2_16_20_09.wav
0.0,2.75,Ploceus melanocephalus,Black-headed Weaver,0.1418,rec_d2_16_20_40.500000.wav
0.0,2.75,Ploceus melanocephalus,Black-headed Weaver,0.0574,rec_d2_16_20_49.250000.wav
0.0,2.75,Ploceus melanocephalus,Black-headed Weaver,0.7467,rec_d2_16_20_52.500000.wav
0.0,2.75,Ploceus melanocephalus,Black-headed Weaver,0.0553,rec_d2_16_23_13.250000.wav
0.0,2.75,Upupa epops,Eurasian Hoopoe,0.5656,rec_d2_16_29_26.750000.wav
0.0,2.75,Ploceus melanocephalus,Black-headed Weaver,0.1818,rec_d2_17_03_58.500000.wav
0.0,2.75,Ploceus melanocephalus,Black-headed Weaver,0.1074,rec_d2_17_14_21.750000.wav
0.0,2.75,Ploceus melanocephalus,Black-headed Weaver,0.0528,rec_d2_17_16_42.750000.wav
0.0,2.75,Ploceus melanocephalus,Black-headed Weaver,0.2038,rec_d2_17_17_01.wav
0.0,2.75,Ploceus melanocephalus,Black-headed Weaver,0.0769,rec_d2_17_29_51.250000.wav
0.0,2.75,Ploceus melanocephalus,Black-headed Weaver,0.2526,rec_d2_17_46_08.750000.wav
0.0,2.75,Ploceus melanocephalus,Black-headed Weaver,0.0610,rec_d2_17_52_04.750000.wav
0.0,2.75,Ploceus melanocephalus,Black-headed Weaver,0.0669,rec_d2_18_06_01.500000.wav
0.0,2.75,Ploceus melanocephalus,Black-headed Weaver,0.0714,rec_d2_18_11_03.250000.wav
0.0,2.75,Ploceus melanocephalus,Black-headed Weaver,0.2373,rec_d2_18_17_32.wav
0.0,2.75,Ploceus melanocephalus,Black-headed Weaver,0.1036,rec_d2_18_28_39.wav
0.0,2.75,Ploceus melanocephalus,Black-headed Weaver,0.1887,rec_d2_18_28_55.500000.wav
0.0,2.75,Ploceus melanocephalus,Black-headed Weaver,0.1229,rec_d2_18_40_40.wav
0.0,2.75,Branta canadensis,Canada Goose,0.9039,rec_d2_19_04_15.500000.wav
0.0,2.75,Branta canadensis,Canada Goose,0.1959,rec_d2_19_05_50.750000.wav
0.0,2.75,Branta canadensis,Canada Goose,0.0854,rec_d2_19_34_39.500000.wav
0.0,2.75,Branta canadensis,Canada Goose,0.0812,rec_d2_19_41_54.750000.wav
0.0,2.75,Ploceus melanocephalus,Black-headed Weaver,0.0681,rec_d3_04_30_43.wav
0.0,2.75,Ploceus melanocephalus,Black-headed Weaver,0.1364,rec_d3_04_32_57.750000.wav
0.0,2.75,Ploceus melanocephalus,Black-headed Weaver,0.1586,rec_d3_04_33_24.wav
0.0,2.75,Ploceus melanocephalus,Black-headed Weaver,0.0597,rec_d3_04_33_27.250000.wav
0.0,2.75,Ploceus melanocephalus,Black-headed Weaver,0.2348,rec_d3_04_33_37.wav
0.0,2.75,Ploceus melanocephalus,Black-headed Weaver,0.0676,rec_d3_04_34_44.wav
0.0,2.75,Ploceus melanocephalus,Black-headed Weaver,0.0599,rec_d3_04_35_02.750000.wav
0.0,2.75,Ploceus melanocephalus,Black-headed Weaver,0.1334,rec_d3_04_35_06.wav
0.0,2.75,Ploceus melanocephalus,Black-headed Weaver,0.6870,rec_d3_04_35_08.750000.wav
0.0,2.75,Ploceus melanocephalus,Black-headed Weaver,0.7949,rec_d3_04_35_13.750000.wav
0.0,2.75,Ploceus melanocephalus,Black-headed Weaver,0.1714,rec_d3_04_35_18.500000.wav
0.0,2.75,Ploceus melanocephalus,Black-headed Weaver,0.9218,rec_d3_04_35_22.250000.wav
0.0,2.75,Ploceus melanocephalus,Black-headed Weaver,0.2096,rec_d3_04_36_05.250000.wav
0.0,2.75,Ploceus melanocephalus,Black-headed Weaver,0.0718,rec_d3_04_36_30.750000.wav
0.0,2.75,Ploceus melanocephalus,Black-headed Weaver,0.1738,rec_d3_04_36_48.500000.wav
0.0,2.75,Ploceus melanocephalus,Black-headed Weaver,0.2073,rec_d3_04_36_52.250000.wav
0.0,2.75,Ploceus melanocephalus,Black-headed Weaver,0.0869,rec_d3_04_37_20.250000.wav
0.0,2.75,Ploceus melanocephalus,Black-headed Weaver,0.0629,rec_d3_04_37_30.750000.wav
0.0,2.75,Upupa epops,Eurasian Hoopoe,0.0644,rec_d3_04_40_40.250000.wav
0.0,2.75,Corvus corone,Carrion Crow,0.2359,rec_d3_04_42_17.wav
0.0,2.75,Ploceus melanocephalus,Black-headed Weaver,0.0934,rec_d3_04_43_08.wav
0.0,2.75,Ploceus melanocephalus,Black-headed Weaver,0.1260,rec_d3_04_43_34.500000.wav
0.0,2.75,Apus apus,Common Swift,0.4229,rec_d3_04_44_11.750000.wav
0.0,2.75,Gallinula chloropus,Eurasian Moorhen,0.1989,rec_d3_04_44_26.wav
0.0,2.75,Ploceus melanocephalus,Black-headed Weaver,0.1623,rec_d3_04_46_00.750000.wav
0.0,2.75,Ploceus melanocephalus,Black-headed Weaver,0.0953,rec_d3_04_46_04.250000.wav
0.0,2.75,Ploceus melanocephalus,Black-headed Weaver,0.1385,rec_d3_04_46_38.750000.wav
0.0,2.75,Ploceus melanocephalus,Black-headed Weaver,0.0697,rec_d3_04_46_42.wav
0.0,2.75,Ploceus melanocephalus,Black-headed Weaver,0.0727,rec_d3_04_46_47.500000.wav
0.0,2.75,Ploceus melanocephalus,Black-headed Weaver,0.0702,rec_d3_04_46_52.250000.wav
0.0,2.75,Ploceus melanocephalus,Black-headed Weaver,0.0633,rec_d3_04_47_13.250000.wav
0.0,2.75,Ploceus melanocephalus,Black-headed Weaver,0.0771,rec_d3_04_47_36.wav
0.0,2.75,Ploceus melanocephalus,Black-headed Weaver,0.0883,rec_d3_04_47_51.250000.wav
0.0,2.75,Ploceus melanocephalus,Black-headed Weaver,0.1009,rec_d3_04_49_53.wav
0.0,2.75,Branta canadensis,Canada Goose,0.8086,rec_d3_04_51_02.wav
0.0,2.75,Ploceus melanocephalus,Black-headed Weaver,0.1042,rec_d3_05_00_17.500000.wav
0.0,2.75,Ploceus melanocephalus,Black-headed Weaver,0.0957,rec_d3_05_00_28.500000.wav
0.0,2.75,Ploceus melanocephalus,Black-headed Weaver,0.2668,rec_d3_05_01_13.500000.wav
0.0,2.75,Ploceus melanocephalus,Black-headed Weaver,0.2879,rec_d3_05_01_25.750000.wav
0.0,2.75,Ploceus melanocephalus,Black-headed Weaver,0.0553,rec_d3_05_01_46.750000.wav
0.0,2.75,Branta canadensis,Canada Goose,0.2763,rec_d3_05_06_23.250000.wav
0.0,2.75,Ploceus melanocephalus,Black-headed Weaver,0.0526,rec_d3_05_09_37.wav
0.0,2.75,Ploceus melanocephalus,Black-headed Weaver,0.1194,rec_d3_05_09_41.wav
0.0,2.75,Ploceus melanocephalus,Black-headed Weaver,0.1634,rec_d3_05_09_45.500000.wav
0.0,2.75,Ploceus melanocephalus,Black-headed Weaver,0.7216,rec_d3_05_10_17.500000.wav
0.0,2.75,Ploceus melanocephalus,Black-headed Weaver,0.1416,rec_d3_05_10_48.750000.wav
0.0,2.75,Ploceus melanocephalus,Black-headed Weaver,0.0640,rec_d3_05_12_29.500000.wav
0.0,2.75,Ploceus melanocephalus,Black-headed Weaver,0.2056,rec_d3_05_13_02.wav
0.0,2.75,Ploceus melanocephalus,Black-headed Weaver,0.4228,rec_d3_05_22_12.250000.wav
0.0,2.75,Ploceus melanocephalus,Black-headed Weaver,0.1086,rec_d3_05_23_40.500000.wav
0.0,2.75,Ploceus melanocephalus,Black-headed Weaver,0.3973,rec_d3_05_23_59.250000.wav
0.0,2.75,Corvus corone,Carrion Crow,0.0530,rec_d3_05_27_05.750000.wav
0.0,2.75,Ploceus melanocephalus,Black-headed Weaver,0.2229,rec_d3_05_30_42.750000.wav
0.0,2.75,Ploceus melanocephalus,Black-headed Weaver,0.0845,rec_d3_05_31_35.750000.wav
0.0,2.75,Ploceus melanocephalus,Black-headed Weaver,0.1025,rec_d3_05_32_05.wav
0.0,2.75,Ploceus melanocephalus,Black-headed Weaver,0.5472,rec_d3_05_32_59.750000.wav
0.0,2.75,Corvus corone,Carrion Crow,0.2270,rec_d3_05_33_38.500000.wav
0.0,2.75,Corvus corone,Carrion Crow,0.1309,rec_d3_05_33_41.750000.wav
0.0,2.75,Ploceus melanocephalus,Black-headed Weaver,0.1021,rec_d3_05_33_57.wav
0.0,2.75,Corvus corone,Carrion Crow,0.1684,rec_d3_05_34_20.500000.wav
0.0,2.75,Ploceus melanocephalus,Black-headed Weaver,0.2607,rec_d3_05_34_28.250000.wav
0.0,2.75,Ploceus melanocephalus,Black-headed Weaver,0.0632,rec_d3_05_34_35.wav
0.0,2.75,Corvus corone,Carrion Crow,0.6093,rec_d3_05_34_58.750000.wav
0.0,2.75,Corvus corone,Carrion Crow,0.3971,rec_d3_05_35_04.750000.wav
0.0,2.75,Ploceus melanocephalus,Black-headed Weaver,0.0605,rec_d3_05_35_13.750000.wav
0.0,2.75,Corvus corone,Carrion Crow,0.0809,rec_d3_05_35_32.250000.wav
0.0,2.75,Ploceus melanocephalus,Black-headed Weaver,0.0550,rec_d3_05_35_39.250000.wav
0.0,2.75,Ploceus melanocephalus,Black-headed Weaver,0.0689,rec_d3_05_38_07.750000.wav
0.0,2.75,Ploceus melanocephalus,Black-headed Weaver,0.1643,rec_d3_05_41_32.750000.wav
0.0,2.75,Ploceus melanocephalus,Black-headed Weaver,0.0616,rec_d3_05_43_48.250000.wav
0.0,2.75,Ploceus melanocephalus,Black-headed Weaver,0.1641,rec_d3_05_44_27.wav
0.0,2.75,Ploceus melanocephalus,Black-headed Weaver,0.0807,rec_d3_05_44_41.750000.wav
0.0,2.75,Ploceus melanocephalus,Black-headed Weaver,0.3415,rec_d3_05_46_40.500000.wav
0.0,2.75,Ploceus melanocephalus,Black-headed Weaver,0.2012,rec_d3_05_46_47.750000.wav
0.0,2.75,Ploceus melanocephalus,Black-headed Weaver,0.5515,rec_d3_05_47_45.250000.wav
0.0,2.75,Ploceus melanocephalus,Black-headed Weaver,0.2203,rec_d3_05_47_48.250000.wav
0.0,2.75,Ploceus melanocephalus,Black-headed Weaver,0.9264,rec_d3_05_47_51.250000.wav
0.0,2.75,Ploceus melanocephalus,Black-headed Weaver,0.0846,rec_d3_05_47_55.500000.wav
0.0,2.75,Ploceus melanocephalus,Black-headed Weaver,0.0717,rec_d3_05_48_13.wav
0.0,2.75,Ploceus melanocephalus,Black-headed Weaver,0.1497,rec_d3_05_48_20.wav
0.0,2.75,Ploceus melanocephalus,Black-headed Weaver,0.0512,rec_d3_05_48_34.250000.wav
0.0,2.75,Ploceus melanocephalus,Black-headed Weaver,0.0522,rec_d3_05_49_06.500000.wav
0.0,2.75,Ploceus melanocephalus,Black-headed Weaver,0.2542,rec_d3_05_49_09.250000.wav
0.0,2.75,Ploceus melanocephalus,Black-headed Weaver,0.0650,rec_d3_05_49_12.250000.wav
0.0,2.75,Ploceus melanocephalus,Black-headed Weaver,0.0830,rec_d3_05_49_15.250000.wav
0.0,2.75,Ploceus melanocephalus,Black-headed Weaver,0.0752,rec_d3_05_49_18.500000.wav
0.0,2.75,Ploceus melanocephalus,Black-headed Weaver,0.3187,rec_d3_05_49_21.750000.wav
0.0,2.75,Ploceus melanocephalus,Black-headed Weaver,0.1016,rec_d3_05_49_25.250000.wav
0.0,2.75,Ploceus melanocephalus,Black-headed Weaver,0.2576,rec_d3_05_49_38.wav
0.0,2.75,Ploceus melanocephalus,Black-headed Weaver,0.0560,rec_d3_05_49_47.wav
0.0,2.75,Ploceus melanocephalus,Black-headed Weaver,0.1466,rec_d3_05_49_53.500000.wav
0.0,2.75,Ploceus melanocephalus,Black-headed Weaver,0.0765,rec_d3_05_50_11.750000.wav
0.0,2.75,Ploceus melanocephalus,Black-headed Weaver,0.0513,rec_d3_05_50_54.750000.wav
0.0,2.75,Ploceus melanocephalus,Black-headed Weaver,0.1364,rec_d3_05_51_00.250000.wav
0.0,2.75,Ploceus melanocephalus,Black-headed Weaver,0.1173,rec_d3_05_52_20.500000.wav
0.0,2.75,Ploceus melanocephalus,Black-headed Weaver,0.3039,rec_d3_05_52_27.wav
0.0,2.75,Ploceus melanocephalus,Black-headed Weaver,0.0618,rec_d3_05_52_37.750000.wav
0.0,2.75,Ploceus melanocephalus,Black-headed Weaver,0.0685,rec_d3_05_52_41.750000.wav
0.0,2.75,Ploceus melanocephalus,Black-headed Weaver,0.1245,rec_d3_05_52_45.wav
0.0,2.75,Ploceus melanocephalus,Black-headed Weaver,0.0693,rec_d3_05_52_53.750000.wav
0.0,2.75,Ploceus melanocephalus,Black-headed Weaver,0.0531,rec_d3_05_53_02.500000.wav
0.0,2.75,Ploceus melanocephalus,Black-headed Weaver,0.0988,rec_d3_05_53_23.250000.wav
0.0,2.75,Ploceus melanocephalus,Black-headed Weaver,0.0750,rec_d3_05_54_32.250000.wav
0.0,2.75,Ploceus melanocephalus,Black-headed Weaver,0.3141,rec_d3_06_03_17.250000.wav
0.0,2.75,Ploceus melanocephalus,Black-headed Weaver,0.1499,rec_d3_06_03_28.250000.wav
0.0,2.75,Ploceus melanocephalus,Black-headed Weaver,0.3964,rec_d3_06_03_32.250000.wav
0.0,2.75,Ploceus melanocephalus,Black-headed Weaver,0.0931,rec_d3_06_03_50.wav
0.0,2.75,Ploceus melanocephalus,Black-headed Weaver,0.3302,rec_d3_06_04_01.750000.wav
0.0,2.75,Ploceus melanocephalus,Black-headed Weaver,0.0577,rec_d3_06_05_09.500000.wav
0.0,2.75,Ploceus melanocephalus,Black-headed Weaver,0.2987,rec_d3_06_06_18.250000.wav
0.0,2.75,Ploceus melanocephalus,Black-headed Weaver,0.0769,rec_d3_06_11_57.250000.wav
0.0,2.75,Ploceus melanocephalus,Black-headed Weaver,0.2462,rec_d3_06_13_21.250000.wav
0.0,2.75,Ploceus melanocephalus,Black-headed Weaver,0.3060,rec_d3_06_18_17.250000.wav
0.0,2.75,Ploceus melanocephalus,Black-headed Weaver,0.0911,rec_d3_06_18_33.500000.wav
0.0,2.75,Ploceus melanocephalus,Black-headed Weaver,0.0988,rec_d3_06_18_42.750000.wav
0.0,2.75,Ploceus melanocephalus,Black-headed Weaver,0.3421,rec_d3_06_18_45.500000.wav
0.0,2.75,Ploceus melanocephalus,Black-headed Weaver,0.0627,rec_d3_06_18_54.750000.wav
0.0,2.75,Ploceus melanocephalus,Black-headed Weaver,0.0593,rec_d3_06_19_00.250000.wav
0.0,2.75,Ploceus melanocephalus,Black-headed Weaver,0.7979,rec_d3_06_20_33.wav
0.0,2.75,Ploceus melanocephalus,Black-headed Weaver,0.0783,rec_d3_06_24_48.500000.wav
0.0,2.75,Ploceus melanocephalus,Black-headed Weaver,0.3245,rec_d3_06_24_51.500000.wav
0.0,2.75,Ploceus melanocephalus,Black-headed Weaver,0.0527,rec_d3_06_31_02.500000.wav
0.0,2.75,Ploceus melanocephalus,Black-headed Weaver,0.1750,rec_d3_06_42_24.500000.wav
0.0,2.75,Ploceus melanocephalus,Black-headed Weaver,0.3754,rec_d3_06_42_27.500000.wav
0.0,2.75,Ploceus melanocephalus,Black-headed Weaver,0.0606,rec_d3_07_00_37.wav
0.0,2.75,Ploceus melanocephalus,Black-headed Weaver,0.0701,rec_d3_07_02_38.250000.wav
0.0,2.75,Ploceus melanocephalus,Black-headed Weaver,0.0531,rec_d3_07_07_17.750000.wav
0.0,2.75,Ploceus melanocephalus,Black-headed Weaver,0.0530,rec_d3_07_13_03.wav
0.0,2.75,Ploceus melanocephalus,Black-headed Weaver,0.8863,rec_d3_07_13_07.wav
0.0,2.75,Ploceus melanocephalus,Black-headed Weaver,0.9610,rec_d3_07_13_21.500000.wav
0.0,2.75,Ploceus melanocephalus,Black-headed Weaver,0.1366,rec_d3_07_13_29.500000.wav
0.0,2.75,Ploceus melanocephalus,Black-headed Weaver,0.9298,rec_d3_07_13_32.250000.wav
0.0,2.75,Ploceus melanocephalus,Black-headed Weaver,0.9861,rec_d3_07_13_35.250000.wav
0.0,2.75,Ploceus melanocephalus,Black-headed Weaver,0.9569,rec_d3_07_13_39.wav
0.0,2.75,Ploceus melanocephalus,Black-headed Weaver,0.0746,rec_d3_07_13_44.750000.wav
0.0,2.75,Ploceus melanocephalus,Black-headed Weaver,0.1231,rec_d3_07_13_47.500000.wav
0.0,2.75,Ploceus melanocephalus,Black-headed Weaver,0.8432,rec_d3_07_13_53.250000.wav
0.0,2.75,Ploceus melanocephalus,Black-headed Weaver,0.7104,rec_d3_07_13_56.750000.wav
0.0,2.75,Ploceus melanocephalus,Black-headed Weaver,0.0585,rec_d3_07_13_59.500000.wav
0.0,2.75,Ploceus melanocephalus,Black-headed Weaver,0.5984,rec_d3_07_14_03.500000.wav
0.0,2.75,Ploceus melanocephalus,Black-headed Weaver,0.4683,rec_d3_07_14_12.750000.wav
0.0,2.75,Ploceus melanocephalus,Black-headed Weaver,0.3495,rec_d3_07_14_40.wav
0.0,2.75,Ploceus melanocephalus,Black-headed Weaver,0.2078,rec_d3_07_14_42.750000.wav
0.0,2.75,Ploceus melanocephalus,Black-headed Weaver,0.3739,rec_d3_07_14_46.500000.wav
0.0,2.75,Ploceus melanocephalus,Black-headed Weaver,0.8217,rec_d3_07_14_49.250000.wav
0.0,2.75,Ploceus melanocephalus,Black-headed Weaver,0.5549,rec_d3_07_14_52.wav
0.0,2.75,Ploceus melanocephalus,Black-headed Weaver,0.0576,rec_d3_07_14_55.750000.wav
0.0,2.75,Ploceus melanocephalus,Black-headed Weaver,0.2904,rec_d3_07_15_17.250000.wav
0.0,2.75,Ploceus melanocephalus,Black-headed Weaver,0.4442,rec_d3_07_15_24.250000.wav
0.0,2.75,Ploceus melanocephalus,Black-headed Weaver,0.0611,rec_d3_07_15_53.250000.wav
0.0,2.75,Ploceus melanocephalus,Black-headed Weaver,0.0641,rec_d3_07_16_32.500000.wav
0.0,2.75,Ploceus melanocephalus,Black-headed Weaver,0.5294,rec_d3_07_16_45.250000.wav
0.0,2.75,Ploceus melanocephalus,Black-headed Weaver,0.1053,rec_d3_07_17_03.250000.wav
0.0,2.75,Ploceus melanocephalus,Black-headed Weaver,0.2605,rec_d3_07_17_15.250000.wav
0.0,2.75,Ploceus melanocephalus,Black-headed Weaver,0.5657,rec_d3_07_17_23.500000.wav
0.0,2.75,Ploceus melanocephalus,Black-headed Weaver,0.0535,rec_d3_07_17_34.750000.wav
0.0,2.75,Ploceus melanocephalus,Black-headed Weaver,0.1999,rec_d3_07_17_56.250000.wav
0.0,2.75,Ploceus melanocephalus,Black-headed Weaver,0.4199,rec_d3_07_18_33.500000.wav
0.0,2.75,Ploceus melanocephalus,Black-headed Weaver,0.0508,rec_d3_07_18_37.250000.wav
0.0,2.75,Ploceus melanocephalus,Black-headed Weaver,0.1150,rec_d3_07_18_46.250000.wav
0.0,2.75,Ploceus melanocephalus,Black-headed Weaver,0.0888,rec_d3_07_18_51.wav
0.0,2.75,Ploceus melanocephalus,Black-headed Weaver,0.1570,rec_d3_07_18_58.500000.wav
0.0,2.75,Ploceus melanocephalus,Black-headed Weaver,0.1254,rec_d3_07_19_06.wav
0.0,2.75,Ploceus melanocephalus,Black-headed Weaver,0.2368,rec_d3_07_19_29.500000.wav
0.0,2.75,Ploceus melanocephalus,Black-headed Weaver,0.1568,rec_d3_07_19_37.250000.wav
0.0,2.75,Ploceus melanocephalus,Black-headed Weaver,0.0598,rec_d3_07_19_41.250000.wav
0.0,2.75,Ploceus melanocephalus,Black-headed Weaver,0.0854,rec_d3_07_27_57.250000.wav
0.0,2.75,Ploceus melanocephalus,Black-headed Weaver,0.0907,rec_d3_07_30_48.250000.wav
0.0,2.75,Ploceus melanocephalus,Black-headed Weaver,0.1246,rec_d3_07_32_34.250000.wav
0.0,2.75,Ploceus melanocephalus,Black-headed Weaver,0.1544,rec_d3_07_45_38.wav
0.0,2.75,Ploceus melanocephalus,Black-headed Weaver,0.1014,rec_d3_07_45_41.250000.wav
0.0,2.75,Ploceus melanocephalus,Black-headed Weaver,0.2996,rec_d3_07_46_15.250000.wav
0.0,2.75,Ploceus melanocephalus,Black-headed Weaver,0.2437,rec_d3_07_46_26.wav
0.0,2.75,Ploceus melanocephalus,Black-headed Weaver,0.0774,rec_d3_07_46_28.750000.wav
0.0,2.75,Ploceus melanocephalus,Black-headed Weaver,0.1524,rec_d3_07_46_31.500000.wav
0.0,2.75,Ploceus melanocephalus,Black-headed Weaver,0.1489,rec_d3_07_47_18.500000.wav
0.0,2.75,Ploceus melanocephalus,Black-headed Weaver,0.1126,rec_d3_07_47_26.wav
0.0,2.75,Ploceus melanocephalus,Black-headed Weaver,0.2973,rec_d3_07_48_15.250000.wav
0.0,2.75,Ploceus melanocephalus,Black-headed Weaver,0.1191,rec_d3_07_53_53.750000.wav
0.0,2.75,Ploceus melanocephalus,Black-headed Weaver,0.4546,rec_d3_07_54_00.750000.wav
0.0,2.75,Ploceus melanocephalus,Black-headed Weaver,0.1016,rec_d3_07_54_06.500000.wav
0.0,2.75,Ploceus melanocephalus,Black-headed Weaver,0.5058,rec_d3_07_54_09.500000.wav
0.0,2.75,Ploceus melanocephalus,Black-headed Weaver,0.4693,rec_d3_07_54_53.750000.wav
0.0,2.75,Ploceus melanocephalus,Black-headed Weaver,0.0566,rec_d3_08_04_28.500000.wav
0.0,2.75,Ploceus melanocephalus,Black-headed Weaver,0.1451,rec_d3_08_04_31.500000.wav
0.0,2.75,Ploceus melanocephalus,Black-headed Weaver,0.1261,rec_d3_08_04_40.750000.wav
0.0,2.75,Ploceus melanocephalus,Black-headed Weaver,0.2815,rec_d3_08_04_44.500000.wav
0.0,2.75,Ploceus melanocephalus,Black-headed Weaver,0.8480,rec_d3_08_04_56.500000.wav
0.0,2.75,Ploceus melanocephalus,Black-headed Weaver,0.1701,rec_d3_08_05_59.wav
0.0,2.75,Ploceus melanocephalus,Black-headed Weaver,0.2391,rec_d3_08_06_10.750000.wav
0.0,2.75,Ploceus melanocephalus,Black-headed Weaver,0.7704,rec_d3_08_06_35.750000.wav
0.0,2.75,Ploceus melanocephalus,Black-headed Weaver,0.0564,rec_d3_08_08_03.500000.wav
0.0,2.75,Ploceus melanocephalus,Black-headed Weaver,0.3581,rec_d3_08_09_40.750000.wav
0.0,2.75,Ploceus melanocephalus,Black-headed Weaver,0.5064,rec_d3_08_10_01.250000.wav
0.0,2.75,Ploceus melanocephalus,Black-headed Weaver,0.3069,rec_d3_08_10_04.250000.wav
0.0,2.75,Ploceus melanocephalus,Black-headed Weaver,0.1533,rec_d3_08_10_11.750000.wav
0.0,2.75,Ploceus melanocephalus,Black-headed Weaver,0.0728,rec_d3_08_10_30.250000.wav
0.0,2.75,Ploceus melanocephalus,Black-headed Weaver,0.1363,rec_d3_08_10_34.500000.wav
0.0,2.75,Ploceus melanocephalus,Black-headed Weaver,0.5993,rec_d3_08_10_39.250000.wav
0.0,2.75,Ploceus melanocephalus,Black-headed Weaver,0.2550,rec_d3_08_10_42.750000.wav
0.0,2.75,Ploceus melanocephalus,Black-headed Weaver,0.6397,rec_d3_08_10_56.500000.wav
0.0,2.75,Ploceus melanocephalus,Black-headed Weaver,0.1098,rec_d3_08_11_01.750000.wav
0.0,2.75,Ploceus melanocephalus,Black-headed Weaver,0.1318,rec_d3_08_11_11.500000.wav
0.0,2.75,Ploceus melanocephalus,Black-headed Weaver,0.2765,rec_d3_08_11_14.500000.wav
0.0,2.75,Ploceus melanocephalus,Black-headed Weaver,0.1374,rec_d3_08_11_17.250000.wav
0.0,2.75,Ploceus melanocephalus,Black-headed Weaver,0.1712,rec_d3_08_11_21.wav
0.0,2.75,Ploceus melanocephalus,Black-headed Weaver,0.1750,rec_d3_08_11_24.wav
0.0,2.75,Ploceus melanocephalus,Black-headed Weaver,0.5495,rec_d3_08_11_43.250000.wav
0.0,2.75,Ploceus melanocephalus,Black-headed Weaver,0.4435,rec_d3_08_11_58.250000.wav
0.0,2.75,Ploceus melanocephalus,Black-headed Weaver,0.1171,rec_d3_08_12_12.500000.wav
0.0,2.75,Ploceus melanocephalus,Black-headed Weaver,0.7425,rec_d3_08_12_51.500000.wav
0.0,2.75,Ploceus melanocephalus,Black-headed Weaver,0.6685,rec_d3_08_13_03.wav
0.0,2.75,Ploceus melanocephalus,Black-headed Weaver,0.6873,rec_d3_08_13_06.wav
0.0,2.75,Ploceus melanocephalus,Black-headed Weaver,0.1240,rec_d3_08_13_46.wav
0.0,2.75,Ploceus melanocephalus,Black-headed Weaver,0.1160,rec_d3_08_13_59.250000.wav
0.0,2.75,Ploceus melanocephalus,Black-headed Weaver,0.1638,rec_d3_08_15_17.750000.wav
0.0,2.75,Ploceus melanocephalus,Black-headed Weaver,0.1970,rec_d3_08_15_25.wav
0.0,2.75,Branta canadensis,Canada Goose,0.0664,rec_d3_08_15_39.wav
0.0,2.75,Ploceus melanocephalus,Black-headed Weaver,0.0756,rec_d3_08_15_49.750000.wav
0.0,2.75,Ploceus melanocephalus,Black-headed Weaver,0.1328,rec_d3_08_23_40.500000.wav
0.0,2.75,Ploceus melanocephalus,Black-headed Weaver,0.0940,rec_d3_08_25_31.500000.wav
0.0,2.75,Ploceus melanocephalus,Black-headed Weaver,0.4873,rec_d3_08_25_41.750000.wav
0.0,2.75,Gallinula chloropus,Eurasian Moorhen,0.0587,rec_d3_08_50_54.500000.wav
0.0,2.75,Ploceus melanocephalus,Black-headed Weaver,0.1225,rec_d3_08_52_43.750000.wav
0.0,2.75,Ploceus melanocephalus,Black-headed Weaver,0.1069,rec_d3_09_03_54.wav
0.0,2.75,Ploceus melanocephalus,Black-headed Weaver,0.0686,rec_d3_09_04_32.wav
0.0,2.75,Ploceus melanocephalus,Black-headed Weaver,0.0939,rec_d3_09_06_14.750000.wav
0.0,2.75,Ploceus melanocephalus,Black-headed Weaver,0.0568,rec_d3_09_06_17.500000.wav
0.0,2.75,Ploceus melanocephalus,Black-headed Weaver,0.0765,rec_d3_09_06_40.wav
0.0,2.75,Ploceus melanocephalus,Black-headed Weaver,0.6757,rec_d3_09_07_03.250000.wav
0.0,2.75,Ploceus melanocephalus,Black-headed Weaver,0.5262,rec_d3_09_07_46.250000.wav
0.0,2.75,Ploceus melanocephalus,Black-headed Weaver,0.8156,rec_d3_09_07_49.500000.wav
0.0,2.75,Ploceus melanocephalus,Black-headed Weaver,0.0579,rec_d3_09_07_52.500000.wav
0.0,2.75,Ploceus melanocephalus,Black-headed Weaver,0.1951,rec_d3_09_07_55.500000.wav
0.0,2.75,Ploceus melanocephalus,Black-headed Weaver,0.7958,rec_d3_09_08_01.500000.wav
0.0,2.75,Ploceus melanocephalus,Black-headed Weaver,0.5244,rec_d3_09_08_08.wav
0.0,2.75,Ploceus melanocephalus,Black-headed Weaver,0.9213,rec_d3_09_08_10.750000.wav
0.0,2.75,Ploceus melanocephalus,Black-headed Weaver,0.0778,rec_d3_09_08_13.750000.wav
0.0,2.75,Ploceus melanocephalus,Black-headed Weaver,0.8111,rec_d3_09_08_23.750000.wav
0.0,2.75,Ploceus melanocephalus,Black-headed Weaver,0.2257,rec_d3_09_08_47.750000.wav
0.0,2.75,Ploceus melanocephalus,Black-headed Weaver,0.3430,rec_d3_09_08_56.250000.wav
0.0,2.75,Ploceus melanocephalus,Black-headed Weaver,0.6838,rec_d3_09_09_02.250000.wav
0.0,2.75,Ploceus melanocephalus,Black-headed Weaver,0.1285,rec_d3_09_09_05.750000.wav
0.0,2.75,Ploceus melanocephalus,Black-headed Weaver,0.1031,rec_d3_09_09_25.wav
0.0,2.75,Ploceus melanocephalus,Black-headed Weaver,0.8476,rec_d3_09_11_51.750000.wav
0.0,2.75,Ploceus melanocephalus,Black-headed Weaver,0.2031,rec_d3_09_11_55.750000.wav
0.0,2.75,Ploceus melanocephalus,Black-headed Weaver,0.1133,rec_d3_09_11_58.500000.wav
0.0,2.75,Ploceus melanocephalus,Black-headed Weaver,0.0846,rec_d3_09_14_57.500000.wav
0.0,2.75,Ploceus melanocephalus,Black-headed Weaver,0.0788,rec_d3_09_15_03.250000.wav
0.0,2.75,Ploceus melanocephalus,Black-headed Weaver,0.5611,rec_d3_09_18_57.250000.wav
0.0,2.75,Ploceus melanocephalus,Black-headed Weaver,0.1056,rec_d3_09_19_37.750000.wav
0.0,2.75,Ploceus melanocephalus,Black-headed Weaver,0.6194,rec_d3_10_24_34.wav
0.0,2.75,Quelea quelea,Red-billed Quelea,0.1959,rec_d3_10_27_31.wav
0.0,2.75,Ploceus melanocephalus,Black-headed Weaver,0.0585,rec_d3_10_27_31.wav
0.0,2.75,Ploceus melanocephalus,Black-headed Weaver,0.2689,rec_d3_10_28_56.500000.wav
0.0,2.75,Ploceus melanocephalus,Black-headed Weaver,0.5722,rec_d3_11_03_00.750000.wav
0.0,2.75,Ploceus melanocephalus,Black-headed Weaver,0.4896,rec_d3_11_03_06.750000.wav
0.0,2.75,Ploceus melanocephalus,Black-headed Weaver,0.3513,rec_d3_11_03_20.500000.wav
0.0,2.75,Ploceus melanocephalus,Black-headed Weaver,0.1933,rec_d3_11_07_29.250000.wav
0.0,2.75,Ploceus melanocephalus,Black-headed Weaver,0.9413,rec_d3_11_36_50.750000.wav
0.0,2.75,Ploceus melanocephalus,Black-headed Weaver,0.2345,rec_d3_11_39_56.750000.wav
0.0,2.75,Ploceus melanocephalus,Black-headed Weaver,0.0568,rec_d3_11_51_09.750000.wav
0.0,2.75,Ploceus melanocephalus,Black-headed Weaver,0.4630,rec_d3_11_51_46.500000.wav
0.0,2.75,Ploceus melanocephalus,Black-headed Weaver,0.0601,rec_d3_11_51_53.250000.wav
0.0,2.75,Ploceus melanocephalus,Black-headed Weaver,0.1827,rec_d3_11_52_04.500000.wav
0.0,2.75,Ploceus melanocephalus,Black-headed Weaver,0.2513,rec_d3_11_53_04.250000.wav
0.0,2.75,Ploceus melanocephalus,Black-headed Weaver,0.1699,rec_d3_11_53_07.500000.wav
0.0,2.75,Ploceus melanocephalus,Black-headed Weaver,0.0523,rec_d3_12_27_15.500000.wav
0.0,2.75,Ploceus melanocephalus,Black-headed Weaver,0.1831,rec_d3_13_08_22.250000.wav
0.0,2.75,Ploceus melanocephalus,Black-headed Weaver,0.0839,rec_d3_13_11_32.wav
0.0,2.75,Ploceus melanocephalus,Black-headed Weaver,0.2433,rec_d3_13_26_05.wav
0.0,2.75,Ploceus melanocephalus,Black-headed Weaver,0.0645,rec_d3_13_54_15.250000.wav
0.0,2.75,Ploceus melanocephalus,Black-headed Weaver,0.1712,rec_d3_14_28_18.wav
0.0,2.75,Ploceus melanocephalus,Black-headed Weaver,0.1775,rec_d3_15_19_15.250000.wav
0.0,2.75,Ploceus melanocephalus,Black-headed Weaver,0.2297,rec_d3_15_26_31.500000.wav
0.0,2.75,Ploceus melanocephalus,Black-headed Weaver,0.3287,rec_d3_15_30_05.250000.wav
0.0,2.75,Ploceus melanocephalus,Black-headed Weaver,0.1701,rec_d3_15_30_08.250000.wav
0.0,2.75,Ploceus melanocephalus,Black-headed Weaver,0.0957,rec_d3_15_31_15.500000.wav
0.0,2.75,Ploceus melanocephalus,Black-headed Weaver,0.0738,rec_d3_15_46_49.250000.wav
0.0,2.75,Ploceus melanocephalus,Black-headed Weaver,0.2560,rec_d3_15_52_06.wav
0.0,2.75,Ploceus melanocephalus,Black-headed Weaver,0.1059,rec_d3_15_54_42.500000.wav
0.0,2.75,Ploceus melanocephalus,Black-headed Weaver,0.3115,rec_d3_16_00_45.250000.wav
0.0,2.75,Ploceus melanocephalus,Black-headed Weaver,0.1410,rec_d3_16_06_04.500000.wav
0.0,2.75,Ploceus melanocephalus,Black-headed Weaver,0.5009,rec_d3_16_07_29.250000.wav
0.0,2.75,Ploceus melanocephalus,Black-headed Weaver,0.0725,rec_d3_16_07_32.500000.wav
0.0,2.75,Ploceus melanocephalus,Black-headed Weaver,0.7331,rec_d3_16_07_45.750000.wav
0.0,2.75,Ploceus melanocephalus,Black-headed Weaver,0.2978,rec_d3_16_07_49.250000.wav
0.0,2.75,Ploceus melanocephalus,Black-headed Weaver,0.1499,rec_d3_16_08_54.250000.wav
0.0,2.75,Ploceus melanocephalus,Black-headed Weaver,0.5572,rec_d3_16_08_57.wav
0.0,2.75,Ploceus melanocephalus,Black-headed Weaver,0.2366,rec_d3_16_08_59.750000.wav
0.0,2.75,Ploceus melanocephalus,Black-headed Weaver,0.4304,rec_d3_16_09_06.250000.wav
0.0,2.75,Ploceus melanocephalus,Black-headed Weaver,0.7442,rec_d3_16_09_38.wav
0.0,2.75,Ploceus melanocephalus,Black-headed Weaver,0.1313,rec_d3_16_10_20.wav
0.0,2.75,Ploceus melanocephalus,Black-headed Weaver,0.0956,rec_d3_16_11_44.250000.wav
0.0,2.75,Ploceus melanocephalus,Black-headed Weaver,0.1650,rec_d3_16_11_48.250000.wav
0.0,2.75,Ploceus melanocephalus,Black-headed Weaver,0.5390,rec_d3_16_11_51.wav
0.0,2.75,Ploceus melanocephalus,Black-headed Weaver,0.4297,rec_d3_16_11_54.750000.wav
0.0,2.75,Ploceus melanocephalus,Black-headed Weaver,0.1396,rec_d3_16_12_09.wav
0.0,2.75,Ploceus melanocephalus,Black-headed Weaver,0.0607,rec_d3_16_12_37.wav
0.0,2.75,Ploceus melanocephalus,Black-headed Weaver,0.0695,rec_d3_16_14_21.750000.wav
0.0,2.75,Corvus corone,Carrion Crow,0.7310,rec_d3_16_16_01.750000.wav
0.0,2.75,Ploceus melanocephalus,Black-headed Weaver,0.0776,rec_d3_16_17_20.250000.wav
0.0,2.75,Ploceus melanocephalus,Black-headed Weaver,0.6964,rec_d3_16_17_23.wav
0.0,2.75,Ploceus melanocephalus,Black-headed Weaver,0.9360,rec_d3_16_17_38.wav
0.0,2.75,Ploceus melanocephalus,Black-headed Weaver,0.3086,rec_d3_16_17_40.750000.wav
0.0,2.75,Ploceus melanocephalus,Black-headed Weaver,0.0833,rec_d3_16_20_04.750000.wav
0.0,2.75,Ploceus melanocephalus,Black-headed Weaver,0.0604,rec_d3_16_20_14.250000.wav
0.0,2.75,Ploceus melanocephalus,Black-headed Weaver,0.4194,rec_d3_16_21_26.500000.wav
0.0,2.75,Ploceus melanocephalus,Black-headed Weaver,0.6485,rec_d3_16_21_33.500000.wav
0.0,2.75,Ploceus melanocephalus,Black-headed Weaver,0.8902,rec_d3_16_21_36.250000.wav
0.0,2.75,Ploceus melanocephalus,Black-headed Weaver,0.8186,rec_d3_16_22_00.500000.wav
0.0,2.75,Ploceus melanocephalus,Black-headed Weaver,0.9750,rec_d3_16_22_05.250000.wav
0.0,2.75,Ploceus melanocephalus,Black-headed Weaver,0.6266,rec_d3_16_22_10.wav
0.0,2.75,Ploceus melanocephalus,Black-headed Weaver,0.9755,rec_d3_16_22_16.250000.wav
0.0,2.75,Ploceus melanocephalus,Black-headed Weaver,0.4686,rec_d3_16_22_19.750000.wav
0.0,2.75,Ploceus melanocephalus,Black-headed Weaver,0.3563,rec_d3_16_22_22.750000.wav
0.0,2.75,Ploceus melanocephalus,Black-headed Weaver,0.8179,rec_d3_16_22_27.500000.wav
0.0,2.75,Ploceus melanocephalus,Black-headed Weaver,0.0599,rec_d3_16_22_45.250000.wav
0.0,2.75,Ploceus melanocephalus,Black-headed Weaver,0.1823,rec_d3_16_23_17.500000.wav
0.0,2.75,Ploceus melanocephalus,Black-headed Weaver,0.1691,rec_d3_16_23_20.500000.wav
0.0,2.75,Ploceus melanocephalus,Black-headed Weaver,0.6576,rec_d3_16_23_57.wav
0.0,2.75,Ploceus melanocephalus,Black-headed Weaver,0.1557,rec_d3_16_24_00.wav
0.0,2.75,Ploceus melanocephalus,Black-headed Weaver,0.1855,rec_d3_16_24_02.750000.wav
0.0,2.75,Ploceus melanocephalus,Black-headed Weaver,0.6759,rec_d3_16_24_05.750000.wav
0.0,2.75,Ploceus melanocephalus,Black-headed Weaver,0.1823,rec_d3_16_24_14.wav
0.0,2.75,Ploceus melanocephalus,Black-headed Weaver,0.8303,rec_d3_16_25_18.750000.wav
0.0,2.75,Ploceus melanocephalus,Black-headed Weaver,0.6008,rec_d3_16_25_53.250000.wav
0.0,2.75,Ploceus melanocephalus,Black-headed Weaver,0.8514,rec_d3_16_26_04.500000.wav
0.0,2.75,Ploceus melanocephalus,Black-headed Weaver,0.1145,rec_d3_16_26_11.750000.wav
0.0,2.75,Ploceus melanocephalus,Black-headed Weaver,0.6703,rec_d3_16_28_15.wav
0.0,2.75,Ploceus melanocephalus,Black-headed Weaver,0.0615,rec_d3_16_30_19.wav
0.0,2.75,Ploceus melanocephalus,Black-headed Weaver,0.0762,rec_d3_16_32_39.wav
0.0,2.75,Ploceus melanocephalus,Black-headed Weaver,0.4474,rec_d3_16_32_56.wav
0.0,2.75,Gallinula chloropus,Eurasian Moorhen,0.0574,rec_d3_16_38_57.750000.wav
0.0,2.75,Ploceus melanocephalus,Black-headed Weaver,0.6694,rec_d3_16_39_04.500000.wav
0.0,2.75,Ploceus melanocephalus,Black-headed Weaver,0.4105,rec_d3_16_42_38.wav
0.0,2.75,Corvus corone,Carrion Crow,0.4939,rec_d3_16_46_07.wav
0.0,2.75,Ploceus melanocephalus,Black-headed Weaver,0.2764,rec_d3_16_46_38.wav
0.0,2.75,Ploceus melanocephalus,Black-headed Weaver,0.4951,rec_d3_16_46_57.500000.wav
0.0,2.75,Ploceus melanocephalus,Black-headed Weaver,0.7939,rec_d3_16_47_00.500000.wav
0.0,2.75,Ploceus melanocephalus,Black-headed Weaver,0.2008,rec_d3_16_47_04.500000.wav
0.0,2.75,Ploceus melanocephalus,Black-headed Weaver,0.7873,rec_d3_16_47_07.750000.wav
0.0,2.75,Ploceus melanocephalus,Black-headed Weaver,0.4175,rec_d3_16_47_11.wav
0.0,2.75,Ploceus melanocephalus,Black-headed Weaver,0.4972,rec_d3_16_50_21.wav
0.0,2.75,Ploceus melanocephalus,Black-headed Weaver,0.2768,rec_d3_17_01_05.wav
0.0,2.75,Ploceus melanocephalus,Black-headed Weaver,0.1303,rec_d3_17_03_06.250000.wav
0.0,2.75,Ploceus melanocephalus,Black-headed Weaver,0.0522,rec_d3_17_11_14.750000.wav
0.0,2.75,Ploceus melanocephalus,Black-headed Weaver,0.0820,rec_d3_17_11_23.500000.wav
0.0,2.75,Ploceus melanocephalus,Black-headed Weaver,0.2184,rec_d3_17_11_52.250000.wav
0.0,2.75,Ploceus melanocephalus,Black-headed Weaver,0.0801,rec_d3_17_11_56.wav
0.0,2.75,Ploceus melanocephalus,Black-headed Weaver,0.1228,rec_d3_17_11_58.750000.wav
0.0,2.75,Ploceus melanocephalus,Black-headed Weaver,0.9150,rec_d3_17_12_03.500000.wav
0.0,2.75,Corvus corone,Carrion Crow,0.5797,rec_d3_17_23_00.250000.wav
0.0,2.75,Corvus corone,Carrion Crow,0.5075,rec_d3_17_23_03.wav
0.0,2.75,Ploceus melanocephalus,Black-headed Weaver,0.0910,rec_d3_17_35_26.750000.wav
0.0,2.75,Ploceus melanocephalus,Black-headed Weaver,0.1025,rec_d3_17_38_41.wav
0.0,2.75,Ploceus melanocephalus,Black-headed Weaver,0.1194,rec_d3_17_39_08.250000.wav
0.0,2.75,Ploceus melanocephalus,Black-headed Weaver,0.2492,rec_d3_17_40_04.750000.wav
0.0,2.75,Ploceus melanocephalus,Black-headed Weaver,0.3175,rec_d3_17_40_07.750000.wav
0.0,2.75,Ploceus melanocephalus,Black-headed Weaver,0.1113,rec_d3_17_49_44.wav
0.0,2.75,Corvus corone,Carrion Crow,0.0548,rec_d3_17_53_03.250000.wav
0.0,2.75,Ploceus melanocephalus,Black-headed Weaver,0.1150,rec_d3_18_03_53.750000.wav
0.0,2.75,Columba livia,Rock Pigeon,0.1014,rec_d3_18_04_32.750000.wav
0.0,2.75,Branta canadensis,Canada Goose,0.7741,rec_d3_18_09_10.250000.wav
0.0,2.75,Upupa epops,Eurasian Hoopoe,0.0663,rec_d3_18_19_31.500000.wav
0.0,2.75,Ploceus melanocephalus,Black-headed Weaver,0.3650,rec_d3_18_19_44.500000.wav
0.0,2.75,Branta canadensis,Canada Goose,0.4025,rec_d3_18_45_05.250000.wav
0.0,2.75,Ploceus melanocephalus,Black-headed Weaver,0.1577,rec_d3_18_51_34.250000.wav
0.0,2.75,Ploceus melanocephalus,Black-headed Weaver,0.6311,rec_d3_18_51_37.wav
0.0,2.75,Ploceus melanocephalus,Black-headed Weaver,0.2096,rec_d3_19_00_15.250000.wav
0.0,2.75,Ploceus melanocephalus,Black-headed Weaver,0.2615,rec_d3_19_00_48.750000.wav
0.0,2.75,Ploceus melanocephalus,Black-headed Weaver,0.0629,rec_d3_19_08_12.750000.wav
0.0,2.75,Ploceus melanocephalus,Black-headed Weaver,0.0892,rec_d3_19_08_36.250000.wav
0.0,2.75,Ploceus melanocephalus,Black-headed Weaver,0.0509,rec_d3_19_08_40.250000.wav
0.0,2.75,Ploceus melanocephalus,Black-headed Weaver,0.0672,rec_d3_19_11_03.250000.wav
0.0,2.75,Branta canadensis,Canada Goose,0.3443,rec_d3_19_44_31.wav
0.0,2.75,Branta canadensis,Canada Goose,0.6088,rec_d3_19_44_34.250000.wav
0.0,2.75,Columba livia,Rock Pigeon,0.0610,rec_d3_21_01_12.wav
0.0,2.75,Columba livia,Rock Pigeon,0.0547,rec_d3_21_01_15.250000.wav
